State,District,Taluka_Ward,Facility_Name,Doctor_In_Charge,Doctor_Specialization,Total_Beds,Address,Postal_Code,Registration_Year,Status,Source_URL
Maharashtra,Mumbai Suburban / Mumbai City,Ghatkopar,DR. BAKUL J PAREKH,Not Listed,MD D.C.H,80,JAYANT ARCADE RAJWADI JUNCTION GHATKOPAR(E),400077,2006,Payment / Doc received,https://raw.githubusercontent.com/mickeykedia/Mumbai-Data/master/nursing_home_licenses_mcgm.csv
Maharashtra,Mumbai Suburban / Mumbai City,Ghatkopar,MR. SHARD R MEHTA,Not Listed,M.B.B.S,18,R.B.MEHTA ROAD 60 FT ROAD GHATKOPAR&amp;quot;(E),400077,1983,Scheduled fees received,https://raw.githubusercontent.com/mickeykedia/Mumbai-Data/master/nursing_home_licenses_mcgm.csv
Maharashtra,Mumbai Suburban / Mumbai City,Ghatkopar,DR. MUKESH N. PAREKH,DR. MUKESH R. PAREKH,M.D.,15,"GAYATRI DHAM, DERASAR LANE GHATKOPAR",400077,1994,Approved By AHO/Commitee,https://raw.githubusercontent.com/mickeykedia/Mumbai-Data/master/nursing_home_licenses_mcgm.csv
Maharashtra,Mumbai Suburban / Mumbai City,Ghatkopar,DR. SANJAY VINAYAK NAVELKAR,Not Listed,M.S,4,MADHAV APT JAWAHAR ROAD GHATKOPAR(E),400086,2003,Approved By AHO/Commitee,https://raw.githubusercontent.com/mickeykedia/Mumbai-Data/master/nursing_home_licenses_mcgm.csv
Maharashtra,Mumbai Suburban / Mumbai City,Ghatkopar,DR. RAJARAM SHANKARLAL SONAGRA,MRS. ALKA J. MHASKE,H.S.C.,40,SHIV PLAZA GOPAL LANE GHATKOPAR (W),400086,2006,Approved By AHO/Commitee,https://raw.githubusercontent.com/mickeykedia/Mumbai-Data/master/nursing_home_licenses_mcgm.csv
Maharashtra,Mumbai Suburban / Mumbai City,Ghatkopar,MRS. NALINI DAHYALAL TANK,DR. JAYDEEP D. TANK,M.D.,23,AMBIIKA DARSHAN 1 ST FLOOR GHATKOPAR (E),400077,2007,Scheduled fees received,https://raw.githubusercontent.com/mickeykedia/Mumbai-Data/master/nursing_home_licenses_mcgm.csv
Maharashtra,Mumbai Suburban / Mumbai City,Ghatkopar,DR. RITA .D.MODY DR.NEEMA MANDAVIA -,Not Listed,M.D,22,RATAN MAHAL SHRADDHANAND ROAD GHATKOPER (w),400086,2006,Approved By AHO/Commitee,https://raw.githubusercontent.com/mickeykedia/Mumbai-Data/master/nursing_home_licenses_mcgm.csv
Maharashtra,Mumbai Suburban / Mumbai City,Ghatkopar,DR. SURENDRANATH SITARAM UPADHYAYA,MS. VAISHALI  DESAI,SSC,15,"TRIMURTI ARCADE 3RD FL, L B S ROAD GHATKOPAR( W)",400086,2000,Payment / Doc received,https://raw.githubusercontent.com/mickeykedia/Mumbai-Data/master/nursing_home_licenses_mcgm.csv
Maharashtra,Mumbai Suburban / Mumbai City,Ghatkopar,DR. NARENDRA M MEHTA,MRS. GEETA M PARAB,FULLY QUASLIED,10,"NAVAJEEVAN HOSP. M G ROAD, GHATKOPAR(E)",400077,1984,Approved By AHO/Commitee,https://raw.githubusercontent.com/mickeykedia/Mumbai-Data/master/nursing_home_licenses_mcgm.csv
Maharashtra,Mumbai Suburban / Mumbai City,Ghatkopar,DR. HASMUKH LAVJIBHAI PATEL,DR. HASMUKH LAVJIBHAI PATEL,"M.S,F.C.P.S",5,"HARIDWAR C.H.S. LTD GIRI KUNJ , NEAR HOTEL AIRWAYS GHATKOPAR (W)",400086,1986,Approved By AHO/Commitee,https://raw.githubusercontent.com/mickeykedia/Mumbai-Data/master/nursing_home_licenses_mcgm.csv
Maharashtra,Mumbai Suburban / Mumbai City,Ghatkopar,DR. NEHA JUGALKISHORE PARIKH,DR. NEHA JUGALKISHORE PARIKH,BDS,25,VIKRAM APPARTMENT .NEW MANIKLAL STREET L.B.S. MARG GHATKOPAR(W),400086,2006,Approved By AHO/Commitee,https://raw.githubusercontent.com/mickeykedia/Mumbai-Data/master/nursing_home_licenses_mcgm.csv
Maharashtra,Mumbai Suburban / Mumbai City,Ghatkopar,DR. VIBHA A SANGHAVI,DR. VIBHA A SANGHAVI,MDD(Ped),10,. . GHATKOPAR(W),400086,1992,Approved By AHO/Commitee,https://raw.githubusercontent.com/mickeykedia/Mumbai-Data/master/nursing_home_licenses_mcgm.csv
Maharashtra,Mumbai Suburban / Mumbai City,Ghatkopar,DR. ASWIN PRAVINCHANDRA SANGHAVI,DR. ASWIN P SANGHAVI,M.D,16,. . .,400086,1990,Approved By AHO/Commitee,https://raw.githubusercontent.com/mickeykedia/Mumbai-Data/master/nursing_home_licenses_mcgm.csv
Maharashtra,Mumbai Suburban / Mumbai City,Ghatkopar,DR. AJAY L SHAH,DR. AJAY L SHAH,M.D. D.G.O,15,. . GHATKOPAR (W),400086,1978,Approved By AHO/Commitee,https://raw.githubusercontent.com/mickeykedia/Mumbai-Data/master/nursing_home_licenses_mcgm.csv
Maharashtra,Mumbai Suburban / Mumbai City,Ghatkopar,DR. RAMILA T SHAH,DR. RAMILA T SHAH,M.D. D.G.O.,16,BHAVESHWAR MARKET 2ND FLOOR M.G. ROAD GHATKOPAR (E),400077,1985,Approved By AHO/Commitee,https://raw.githubusercontent.com/mickeykedia/Mumbai-Data/master/nursing_home_licenses_mcgm.csv
Maharashtra,Mumbai Suburban / Mumbai City,Ghatkopar,MRS. KISHORI P MEHTA VANDANA S PATHAK .,DR. PRAVIN J MEHTA,M.D.D.C.H,6,18 / 178 GARODIA NAGAR GHATKOPAR (E),400077,1985,Approved By AHO/Commitee,https://raw.githubusercontent.com/mickeykedia/Mumbai-Data/master/nursing_home_licenses_mcgm.csv
Maharashtra,Mumbai Suburban / Mumbai City,Ghatkopar,DR. NIRAV D CHHEDA,DR. NIRAV D CHHEDA,"DORL,DNB(ORL)",5,TRIMURTI ARCADE PLOT NO 9 GATKOPAR(W),400086,2012,Scheduled fees received,https://raw.githubusercontent.com/mickeykedia/Mumbai-Data/master/nursing_home_licenses_mcgm.csv
Maharashtra,Mumbai Suburban / Mumbai City,Bhandup,DR. SURENDRA SHANKAR TAMBE,Not Listed,"MD (PEAD),DCH,M.CPS",15,189/2867 GROUP NO-8B TAGORE NAGAR VIKHROLI EAST,400083,1993,Approved By AHO/Commitee,https://raw.githubusercontent.com/mickeykedia/Mumbai-Data/master/nursing_home_licenses_mcgm.csv
Maharashtra,Mumbai Suburban / Mumbai City,Bhandup,DR. SATISH DEVIDAYAL ARORA,Not Listed,MD,10,"SANMAN SHREE SOCIETY GADHAV NAKA, BHANDUP WEST",400078,1989,Approved By AHO/Commitee,https://raw.githubusercontent.com/mickeykedia/Mumbai-Data/master/nursing_home_licenses_mcgm.csv
Maharashtra,Mumbai Suburban / Mumbai City,Bhandup,DR. ROHIT R. BHATIA,DR. SHAILESH RAMESH BHATIA,BAMS (MUM),17,"104,105,106 1ST FLOOR, ARUNODAY TOWER BHANDUP",400078,1999,Approved By AHO/Commitee,https://raw.githubusercontent.com/mickeykedia/Mumbai-Data/master/nursing_home_licenses_mcgm.csv
Maharashtra,Mumbai Suburban / Mumbai City,Bhandup,DR. RAMKRISHNAN  MODI,DR. R. K. MODI,MD (MUM),16,"240/3271 MODI COMPD. &amp; ICCU, TAGORE NAGAR VIKHROLI EAST",400083,1991,Approved By AHO/Commitee,https://raw.githubusercontent.com/mickeykedia/Mumbai-Data/master/nursing_home_licenses_mcgm.csv
Maharashtra,Mumbai Suburban / Mumbai City,Bhandup,DR. ABDUL SALAM S. CHAUDHARI,DR. SRIDHARAN  RADHA,"MBBS, DCH,DNB",12,". ABOVE SHIFA MEDICAL, SONAPUR BHANDUP WEST",400078,2004,Approved By AHO/Commitee,https://raw.githubusercontent.com/mickeykedia/Mumbai-Data/master/nursing_home_licenses_mcgm.csv
Maharashtra,Mumbai Suburban / Mumbai City,Bhandup,DR. RAJENDRA S. DALAL,DR. RAJENDRA S. DALAL,MD,5,. TAGORE NAGAR VIKHROLI EAST,400083,1995,Approved By AHO/Commitee,https://raw.githubusercontent.com/mickeykedia/Mumbai-Data/master/nursing_home_licenses_mcgm.csv
Maharashtra,Mumbai Suburban / Mumbai City,Bhandup,DR. MAHENDRA KUMAR JAIN,DR. UJWALA  RANE,GEN &amp;amp;amp;amp;amp;amp;,10,OF BLDG - 8 -B MINILAND TANK ROAD BHANDUP WEST,400078,1990,Approved By AHO/Commitee,https://raw.githubusercontent.com/mickeykedia/Mumbai-Data/master/nursing_home_licenses_mcgm.csv
Maharashtra,Mumbai Suburban / Mumbai City,Bhandup,SMT. SHUBHALAXMI SHANKAR SHETTY,DR. SATYAPRAKASH K SHETTY,"MBBS,DCH,CPS",15,MINILAND TANK ROAD BHANDUP {W},400078,1992,Approved By AHO/Commitee,https://raw.githubusercontent.com/mickeykedia/Mumbai-Data/master/nursing_home_licenses_mcgm.csv
Maharashtra,Mumbai Suburban / Mumbai City,Bhandup,DR. BHARAT L. MEHTA,DR. BHARAT L. MEHTA,MS (GEN. SURG.),14,". LAXMI ESTATE, OPP KHAMKAR MASALA VIKHROLI EAST",400083,1993,Approved By AHO/Commitee,https://raw.githubusercontent.com/mickeykedia/Mumbai-Data/master/nursing_home_licenses_mcgm.csv
Maharashtra,Mumbai Suburban / Mumbai City,Bhandup,DR. INDRAKUMAR R. PARMAR,Not Listed,"MBBS, CFP",7,USHANAGAR CHS. VILLAGE ROAD BHANDUP{W},400078,2004,Approved By AHO/Commitee,https://raw.githubusercontent.com/mickeykedia/Mumbai-Data/master/nursing_home_licenses_mcgm.csv
Maharashtra,Mumbai Suburban / Mumbai City,Bhandup,DR. RAVINDRA SHANKAR SHETTY,DR. RAVINDRA  SHETTY,MBBS,7,AGARWAL IND COMP. QUARRY ROAD BHANDUP WEST,400078,1991,Approved By AHO/Commitee,https://raw.githubusercontent.com/mickeykedia/Mumbai-Data/master/nursing_home_licenses_mcgm.csv
Maharashtra,Mumbai Suburban / Mumbai City,Bhandup,DR. HEENA K. PANDITPAUTRA,DR. HEENA K. PANDITPAUTRA,"MBBS, DCH, MD",15,KIRTIDA APARTMENT KENI MARG BHANDUP EAST,400042,2005,Scheduled fees received,https://raw.githubusercontent.com/mickeykedia/Mumbai-Data/master/nursing_home_licenses_mcgm.csv
Maharashtra,Mumbai Suburban / Mumbai City,Bhandup,DR. VINOD GANAPATI PRABHU,DR. VINOD G. PRABHU,MBBS,10,. TAGORE NAGAR VIKHROLI EAST,400083,2000,Approved By AHO/Commitee,https://raw.githubusercontent.com/mickeykedia/Mumbai-Data/master/nursing_home_licenses_mcgm.csv
Maharashtra,Mumbai Suburban / Mumbai City,Bhandup,DR. KISHORI D. KADAM,DR. KISHORI D. KADAM,"MBBS,MD,DGO",16,". JANATA MARKET, SUBHASH ROAD BHANDUP WEST",400078,1989,Approved By AHO/Commitee,https://raw.githubusercontent.com/mickeykedia/Mumbai-Data/master/nursing_home_licenses_mcgm.csv
Maharashtra,Mumbai Suburban / Mumbai City,Bhandup,DR. SUBHASH CHANDRA BHATIA,DR. SUBHASH CHANDRA BHATIA,"MD, DGO",32,"10 - A MINILAND, TANK ROAD BHANDUP WEST",400078,1989,Approved By AHO/Commitee,https://raw.githubusercontent.com/mickeykedia/Mumbai-Data/master/nursing_home_licenses_mcgm.csv
Maharashtra,Mumbai Suburban / Mumbai City,Bhandup,DR. GIRIJA  SUDARSHAN,DR. SHAILAJA  .,DGO,10,NEHA APARTMENT L B S MARG BHANDUP WEST,400078,1991,Approved By AHO/Commitee,https://raw.githubusercontent.com/mickeykedia/Mumbai-Data/master/nursing_home_licenses_mcgm.csv
Maharashtra,Mumbai Suburban / Mumbai City,Bhandup,DR. PARASHURAM P. BADWAIK,DR. VASANTI P. BADWAIK,MD (DGO),28,. OPP JAIN MANDIR BHANDUP WEST,400078,1979,Approved By AHO/Commitee,https://raw.githubusercontent.com/mickeykedia/Mumbai-Data/master/nursing_home_licenses_mcgm.csv
Maharashtra,Mumbai Suburban / Mumbai City,Bhandup,MRS. SUSHILA M. CHANDAN,Not Listed,TRUSTEE,8,CHANDAN NIWAS SAI BAUG BHANDUP WEST,400078,2004,Approved By AHO/Commitee,https://raw.githubusercontent.com/mickeykedia/Mumbai-Data/master/nursing_home_licenses_mcgm.csv
Maharashtra,Mumbai Suburban / Mumbai City,Bhandup,DR. JYOTIRVADAN NAGINDAS DALAL,DR. J. N. DALAL,"MD,DA",18,MINI APARTMENT OPP SARVODAY NAGAR BHANDUP{W},400078,1989,Approved By AHO/Commitee,https://raw.githubusercontent.com/mickeykedia/Mumbai-Data/master/nursing_home_licenses_mcgm.csv
Maharashtra,Mumbai Suburban / Mumbai City,Bhandup,DR. ANOOP KUMAR GUPTA,Not Listed,"MD, DGO, FCPS, DNB",20,MAHADEO CHS.LTD NRITYANJALI MARG BHANDUP WEST,400078,1998,Approved By AHO/Commitee,https://raw.githubusercontent.com/mickeykedia/Mumbai-Data/master/nursing_home_licenses_mcgm.csv
Maharashtra,Mumbai Suburban / Mumbai City,Bhandup,DR. KIRTI  BOTHRA,DR. KIRIT  BOTHRA,"MBBS, MD",16,. MINILAND BHANDUP WEST,400078,1987,Approved By AHO/Commitee,https://raw.githubusercontent.com/mickeykedia/Mumbai-Data/master/nursing_home_licenses_mcgm.csv
Maharashtra,Mumbai Suburban / Mumbai City,Bhandup,DR. CHIRAG D. MODI,DR. CHIRAG D. MODI,MS (GEN. SURGEON),6,SHOP NO. 11 AND 12 CHETNA APARTMENT BHANDUP(W),400078,2005,Approved By AHO/Commitee,https://raw.githubusercontent.com/mickeykedia/Mumbai-Data/master/nursing_home_licenses_mcgm.csv
Maharashtra,Mumbai Suburban / Mumbai City,Bhandup,DR. VARSHA  DEGWEKAR,DR. VARSHA  DEGWEKAR,"MBBS, MS",15,MARUTI DARSHAN ADI S. MARG POWAI,400076,1998,Approved By AHO/Commitee,https://raw.githubusercontent.com/mickeykedia/Mumbai-Data/master/nursing_home_licenses_mcgm.csv
Maharashtra,Mumbai Suburban / Mumbai City,Bhandup,DR. VIPIN KUMAR PAREEK,DR. VIPIN KUMAR PAREEK,GEN SURGEON,4,. TAGORE NAGAR - 8 - B VKHROLI EAST,400083,1999,Approved By AHO/Commitee,https://raw.githubusercontent.com/mickeykedia/Mumbai-Data/master/nursing_home_licenses_mcgm.csv
Maharashtra,Mumbai Suburban / Mumbai City,Bhandup,DR. JATKAR SAHEBRAO TAYAPPA,DR. S. T. JATKAR,MD (MEDICINE),8,SHIV SAGAR COMPLEX T P ROAD BHANDUP WEST,400078,2001,Approved By AHO/Commitee,https://raw.githubusercontent.com/mickeykedia/Mumbai-Data/master/nursing_home_licenses_mcgm.csv
Maharashtra,Mumbai Suburban / Mumbai City,Bhandup,DR. ASHA DEEPAK PAIKRAO,DR. ASHA DEEPAK PAIKRAO,"MD, DGO (MUMBAI)",4,OFFICE BLDG NO- 15/1 NEAR VIKAS HIGH SCHOOL VIKHROLI EAST,400083,2001,Approved By AHO/Commitee,https://raw.githubusercontent.com/mickeykedia/Mumbai-Data/master/nursing_home_licenses_mcgm.csv
Maharashtra,Mumbai Suburban / Mumbai City,Bhandup,DR. PIYUSHKUMAR RATILAL TOLIA,Not Listed,MS ( GEN. SURGEON ),16,SANJAY APARTMENT DINA PATIL ESTATE BHANDUP WEST,400078,2006,Approved By AHO/Commitee,https://raw.githubusercontent.com/mickeykedia/Mumbai-Data/master/nursing_home_licenses_mcgm.csv
Maharashtra,Mumbai Suburban / Mumbai City,Bhandup,DR. RAMESH LAXMIDAS BHATIA,DR. SHAILESH RAMESH BHATIA,MD,18,SHRADDHA VILLAGE ROAD BHANDUP,400078,1974,Approved By AHO/Commitee,https://raw.githubusercontent.com/mickeykedia/Mumbai-Data/master/nursing_home_licenses_mcgm.csv
Maharashtra,Mumbai Suburban / Mumbai City,Bhandup,DR. PADMA  RAMKRISHNAN,Not Listed,"MD, DGO",10,SARASA CO OP SOCIETY I I T MARKET GATE POWAI,400076,1988,Approved By AHO/Commitee,https://raw.githubusercontent.com/mickeykedia/Mumbai-Data/master/nursing_home_licenses_mcgm.csv
Maharashtra,Mumbai Suburban / Mumbai City,Bhandup,DR. MANOHAR G. RATHOD,DR. MANOHAR G. RATHOD,"MBBS, MD, MED",9,PRABHU NIWAS J M ROAD BHANDUP,400078,2001,Approved By AHO/Commitee,https://raw.githubusercontent.com/mickeykedia/Mumbai-Data/master/nursing_home_licenses_mcgm.csv
Maharashtra,Mumbai Suburban / Mumbai City,Bhandup,DR. RAJESH  AGARWAL,DR. RAJESH  AGARWAL,MS (ORTHO),16,NEHA APARTMENT L B S MARG BHANDUP WEST,400078,1992,Approved By AHO/Commitee,https://raw.githubusercontent.com/mickeykedia/Mumbai-Data/master/nursing_home_licenses_mcgm.csv
Maharashtra,Mumbai Suburban / Mumbai City,Bhandup,DR. SHAILESH C. JOSHI,DR. SHAILESH  JOSHI,MBBS (ORTHO),15,. R.R. REALITY BHANDUP,400078,2005,Approved By AHO/Commitee,https://raw.githubusercontent.com/mickeykedia/Mumbai-Data/master/nursing_home_licenses_mcgm.csv
Maharashtra,Mumbai Suburban / Mumbai City,Bhandup,DR. MAHONAR G. RATHOD,DR. MANOHAR G. RATHOD,"MBBS , MD",20,"PLOT - B, A WING SHIV SAGAR COMPLEX BHANDUP WEST",400078,2006,Approved By AHO/Commitee,https://raw.githubusercontent.com/mickeykedia/Mumbai-Data/master/nursing_home_licenses_mcgm.csv
Maharashtra,Mumbai Suburban / Mumbai City,Bhandup,DR. SHAILESH C. JOSHI,MRS. SEEMA  BHATIA,AUXILLARY NURSE,5,. OPP ABUYUDAYA BANK BHANDUP WEST,400078,1998,Approved By AHO/Commitee,https://raw.githubusercontent.com/mickeykedia/Mumbai-Data/master/nursing_home_licenses_mcgm.csv
Maharashtra,Mumbai Suburban / Mumbai City,Bhandup,DR. PRAKASH  SAMANT,Not Listed,MS (ORTHO),20,KALPATARU BLDG INDIRA NAGAR KANJURMARG,400042,1986,Approved By AHO/Commitee,https://raw.githubusercontent.com/mickeykedia/Mumbai-Data/master/nursing_home_licenses_mcgm.csv
Maharashtra,Mumbai Suburban / Mumbai City,Bhandup,DR. SHIVRAM S. NADKARNI,DR. SHIVRAM  NADKARNI,"MS, OPHTHAL",4,NEHA ANNEXE KHOT ROAD BHANDUP WEST,400078,2001,Approved By AHO/Commitee,https://raw.githubusercontent.com/mickeykedia/Mumbai-Data/master/nursing_home_licenses_mcgm.csv
Maharashtra,Mumbai Suburban / Mumbai City,Bhandup,DR. CHIRAG D. MODY,DR. CHIRAG D. MODY,MS (GEN. SURGEON),5,HEMA PARK BLDG. V. S. MARG BHANDUP EAST,400042,2001,Approved By AHO/Commitee,https://raw.githubusercontent.com/mickeykedia/Mumbai-Data/master/nursing_home_licenses_mcgm.csv
Maharashtra,Mumbai Suburban / Mumbai City,Bhandup,DR. SANJAY O. SHAH,DR. BEENA S. SHAH,MDDA,15,ARUNODAY TOWER KOKAN NAGAR BHANDUP WEST,400078,1998,Approved By AHO/Commitee,https://raw.githubusercontent.com/mickeykedia/Mumbai-Data/master/nursing_home_licenses_mcgm.csv
Maharashtra,Mumbai Suburban / Mumbai City,Bhandup,DR. PRAKASH R. SHAH,DR. V  JAIN,MD,22,SHEETAL APARTMENT J M ROAD BHANDUP WEST,400078,1984,Approved By AHO/Commitee,https://raw.githubusercontent.com/mickeykedia/Mumbai-Data/master/nursing_home_licenses_mcgm.csv
Maharashtra,Mumbai Suburban / Mumbai City,Bhandup,DR. KIRTI  BOTHRA,DR. KIRIT  BOTHRA,"MBBS, MD",16,RAMKRISHNA BLDG GADAVNAKA BHANDUP WEST,400078,2002,Approved By AHO/Commitee,https://raw.githubusercontent.com/mickeykedia/Mumbai-Data/master/nursing_home_licenses_mcgm.csv
Maharashtra,Mumbai Suburban / Mumbai City,Bhandup,DR. RAJENDRA M. KURUWA,DR. M. R. KURUWA,HGO,17,NEHA ANNEXE KHOT ROAD BHANDUP WEST,400078,2002,Approved By AHO/Commitee,https://raw.githubusercontent.com/mickeykedia/Mumbai-Data/master/nursing_home_licenses_mcgm.csv
Maharashtra,Mumbai Suburban / Mumbai City,Bhandup,DR. SUGATO  THAKUR,DR. SUGATO SUBRATA THAKUR,M.S.(ENT),4,R.R.REALTY TANK ROAD BHANDUP (W),400078,2005,Approved By AHO/Commitee,https://raw.githubusercontent.com/mickeykedia/Mumbai-Data/master/nursing_home_licenses_mcgm.csv
Maharashtra,Mumbai Suburban / Mumbai City,Bhandup,DR. ANIL  MALWANKAR,DR. ANIL N. MALWANKAR,M.D.,16,GAUTAMDHAM BUILDING GAMDEVI ROAD BHANDUP WEST,400078,2006,Approved By AHO/Commitee,https://raw.githubusercontent.com/mickeykedia/Mumbai-Data/master/nursing_home_licenses_mcgm.csv
Maharashtra,Mumbai Suburban / Mumbai City,Bhandup,DR. HERAT R. PARMAR,MRS. GRACY REGI,MD,6,. ABOVE DENA BANK BHANDUP WEST,400078,1974,Approved By AHO/Commitee,https://raw.githubusercontent.com/mickeykedia/Mumbai-Data/master/nursing_home_licenses_mcgm.csv
Maharashtra,Mumbai Suburban / Mumbai City,Bhandup,DR. MILIND P. GAITONDE,DR. MILIND P. GAITONDE,MD (OBST &amp;amp;amp; GYNAC),14,. RANADE ROAD DADAR,400028,1974,Approved By AHO/Commitee,https://raw.githubusercontent.com/mickeykedia/Mumbai-Data/master/nursing_home_licenses_mcgm.csv
Maharashtra,Mumbai Suburban / Mumbai City,Bhandup,DR. AVINASH YASHWANT PAWAR,DR. AVINASH YASHWANT PAWAR,MD(MED),15,"210/3042 RAM HAZARE MARG, NR. SANGLI SAHAKARI BANK TAGORE NAGAR NO 1, VIKHROLI (E)",400083,2007,Scheduled fees received,https://raw.githubusercontent.com/mickeykedia/Mumbai-Data/master/nursing_home_licenses_mcgm.csv
Maharashtra,Mumbai Suburban / Mumbai City,Bhandup,DR. KHALID . SHAIKH,DR. KHALID . SHAIKH,BUMS,51,KANNAMWAR NAGAR NO.2 . VIKHROLI(E),400083,1994,Approved By AHO/Commitee,https://raw.githubusercontent.com/mickeykedia/Mumbai-Data/master/nursing_home_licenses_mcgm.csv
Maharashtra,Mumbai Suburban / Mumbai City,Bhandup,DR. SAVITA PRABHAKAR AUTI,Not Listed,M D (  MUMBAI ),16,283/3633 TAGORE NAGAR GROUP NO 2 VIKHROLI(E),400083,2007,Scheduled fees received,https://raw.githubusercontent.com/mickeykedia/Mumbai-Data/master/nursing_home_licenses_mcgm.csv
Maharashtra,Mumbai Suburban / Mumbai City,Bhandup,DR. SHARMILA V HANDE,MRS. PRAMOD D THORAWADE,M.D.(MEDICINE),25,. POWAI POLYCLINIC &amp;amp;amp; HOSPITAL POWAI,400076,1988,Approved By AHO/Commitee,https://raw.githubusercontent.com/mickeykedia/Mumbai-Data/master/nursing_home_licenses_mcgm.csv
Maharashtra,Mumbai Suburban / Mumbai City,Bhandup,DR. K RATNAKAR  SHETTY,DR. K RATNAKAR  SHETTY,M S,21,CENTRAL HOSPITAL L.B.S. MARG BHANDUP(W),400078,2007,Scheduled fees received,https://raw.githubusercontent.com/mickeykedia/Mumbai-Data/master/nursing_home_licenses_mcgm.csv
Maharashtra,Mumbai Suburban / Mumbai City,Bhandup,DR. K RATNAKAR  SHETTY,MRS. GEETANJALI  AMIN,M B B S,16,DREAMS . BHANDUP(W),400078,2007,Approved By AHO/Commitee,https://raw.githubusercontent.com/mickeykedia/Mumbai-Data/master/nursing_home_licenses_mcgm.csv
Maharashtra,Mumbai Suburban / Mumbai City,Bhandup,DR. SHAILAJA A PATWARDHAN,MS. HARSHADA AVINASH PATWARDHAN,M B B S,10,BRINAVAN CHS LTD OPP I I T MAIN GATE POWAI,400076,2005,Approved By AHO/Commitee,https://raw.githubusercontent.com/mickeykedia/Mumbai-Data/master/nursing_home_licenses_mcgm.csv
Maharashtra,Mumbai Suburban / Mumbai City,Bhandup,DR. BHARAT ASHOK MANEK,DR. BHARAT A MANEK,MBBS MD FCPS,11,CHAUBE HOUSE J M ROAD BHANDUP (W),400078,2007,Scheduled fees received,https://raw.githubusercontent.com/mickeykedia/Mumbai-Data/master/nursing_home_licenses_mcgm.csv
Maharashtra,Mumbai Suburban / Mumbai City,Bhandup,DR. ASHOK VINAYAK DANDEKAR,DR. KANIK . KAPASI,MDDGO,20,SHREE VIJAYKUNJ KANJURMARG .,400042,2008,Approved By AHO/Commitee,https://raw.githubusercontent.com/mickeykedia/Mumbai-Data/master/nursing_home_licenses_mcgm.csv
Maharashtra,Mumbai Suburban / Mumbai City,Bhandup,DR. PRATUL R. HARIA,MRS. NILAM  GORULE,ANM,24,ANIRAJ TOWER CHS.LTD L.B.S.ROAD BHANDUP{W},400078,2008,Approved By AHO/Commitee,https://raw.githubusercontent.com/mickeykedia/Mumbai-Data/master/nursing_home_licenses_mcgm.csv
Maharashtra,Mumbai Suburban / Mumbai City,Bhandup,DR. (MRS.) SUREKHA BALASAHEB WAGHMARE,Not Listed,"M.B.B.S.,M.D.{GYNACOLOGY",17,"GR.FLOOR ARUNODAYA TOWER, KOKAN NAGAR S.P.S.ROAD",400078,2002,Approved By AHO/Commitee,https://raw.githubusercontent.com/mickeykedia/Mumbai-Data/master/nursing_home_licenses_mcgm.csv
Maharashtra,Mumbai Suburban / Mumbai City,Bhandup,DR. ANJALI VASANT DARADE,DR. VASANT PUNJAJI DARADE,"M.D.,D.G.O.,MCPS",15,"SHARDA APARTMENT B/WING,SANMANSING RD BHANDUP{W}",400078,1989,Approved By AHO/Commitee,https://raw.githubusercontent.com/mickeykedia/Mumbai-Data/master/nursing_home_licenses_mcgm.csv
Maharashtra,Mumbai Suburban / Mumbai City,Bhandup,DR. SHIRISH KUMAR AGLECHA,Not Listed,M B B S,11,SHIV KRUPA SOC. 1ST FL PADMAVATI ROAD POWAI,400076,2009,Approved By AHO/Commitee,https://raw.githubusercontent.com/mickeykedia/Mumbai-Data/master/nursing_home_licenses_mcgm.csv
Maharashtra,Mumbai Suburban / Mumbai City,Bhandup,DR. UDAY S. KAPSHIKAR,MRS. BHIMABAI R. RANE,GENERAL NURSING MIDWIFERY,8,GURU RAMDAS MARKET VILLAGE ROAD BHANDUP{W},400078,2008,Scheduled fees received,https://raw.githubusercontent.com/mickeykedia/Mumbai-Data/master/nursing_home_licenses_mcgm.csv
Maharashtra,Mumbai Suburban / Mumbai City,Bhandup,DR. VASANTKUMAR PUNDLIKRAO SAWANT,Not Listed,M.B.B.S. M. S. (OPHTHALM),11,R NO 1497-98 GANESH SADAN VIKHROLI(E),400083,2003,Approved By AHO/Commitee,https://raw.githubusercontent.com/mickeykedia/Mumbai-Data/master/nursing_home_licenses_mcgm.csv
Maharashtra,Mumbai Suburban / Mumbai City,Bhandup,MR. SITARAMAN SUBRAMANIAM IYER,MRS. KAVITA B BANDEKAR,"NURSE,MIDWIFE",5,NEAR BLDG.NO.181 GROUND FLOOR STRUCTURE KANNAMWAR NAGAR,400083,2009,Approved By AHO/Commitee,https://raw.githubusercontent.com/mickeykedia/Mumbai-Data/master/nursing_home_licenses_mcgm.csv
Maharashtra,Mumbai Suburban / Mumbai City,Bhandup,DR. INDRAVADAN MADHAVLAL TRIVEDI,DR. INDRAVADAN MADHAVLAL TRIVEDI,B.A.M.S.,5,"113-A2,KAILAS COMPLEX  L.B.S.MARG BHANDUP{W]",400078,2009,Approved By AHO/Commitee,https://raw.githubusercontent.com/mickeykedia/Mumbai-Data/master/nursing_home_licenses_mcgm.csv
Maharashtra,Mumbai Suburban / Mumbai City,Bhandup,DR. SHARMILA V HANDE/JADHAV,DR. PRAMOD D THORAWADE,MD MEDICINE,25,POWAI POLYCLINIC AND HOSPITAL OPP IIT MAIN GATE .,400076,2009,Approved By AHO/Commitee,https://raw.githubusercontent.com/mickeykedia/Mumbai-Data/master/nursing_home_licenses_mcgm.csv
Maharashtra,Mumbai Suburban / Mumbai City,Bhandup,DR. JINESH JAYANT PATANI,DR. JINESH JAYANT PATANI,M.S.OPHTHAL.,2,R.R.REALITY TANK ROAD BHANDUP{W},400078,2006,Payment / Doc received,https://raw.githubusercontent.com/mickeykedia/Mumbai-Data/master/nursing_home_licenses_mcgm.csv
Maharashtra,Mumbai Suburban / Mumbai City,Bhandup,DR. NIRAJ . KHANNA,DR. NIRAJ RAKESH KHANNA,MS. GEN,22,VAKRATUNDA PALACE 1st FL TANK RD BHANDUP (W),400078,2009,Approved By AHO/Commitee,https://raw.githubusercontent.com/mickeykedia/Mumbai-Data/master/nursing_home_licenses_mcgm.csv
Maharashtra,Mumbai Suburban / Mumbai City,Bhandup,MR. V. VIJAYARATHNA . .,Not Listed,.,526,MULUND GOREGAON LINK MULUND GOREGAON LINK ROAD BHANDUP (W),400078,2010,Approved By AHO/Commitee,https://raw.githubusercontent.com/mickeykedia/Mumbai-Data/master/nursing_home_licenses_mcgm.csv
Maharashtra,Mumbai Suburban / Mumbai City,Bhandup,MR. SATISH S SUVARNA,DR. RUCHIK VIRENDRA THAKKAR,M.S.,1,J.B.D. CHS LTD J M RD BHANDUP,400078,2009,Approved By AHO/Commitee,https://raw.githubusercontent.com/mickeykedia/Mumbai-Data/master/nursing_home_licenses_mcgm.csv
Maharashtra,Mumbai Suburban / Mumbai City,Bhandup,DR. SACHIN SIDDHRAM KOLHE,Not Listed,M.S. DNB (OPTHALMOLOGY),1,108-109 KAILASH COMPLEX BHANDUP (W),400078,2009,Scheduled fees received,https://raw.githubusercontent.com/mickeykedia/Mumbai-Data/master/nursing_home_licenses_mcgm.csv
Maharashtra,Mumbai Suburban / Mumbai City,Bhandup,DR. (MRS.) HARSHILA VIJAY ZALTE,Not Listed,M.B.B.S.,15,ZALTE NIWAS PRATAP NAGAR RD FARID NAGAR,400078,2009,Scheduled fees received,https://raw.githubusercontent.com/mickeykedia/Mumbai-Data/master/nursing_home_licenses_mcgm.csv
Maharashtra,Mumbai Suburban / Mumbai City,Bhandup,DR. AARTI C. KHADKA,DR. AARTI C. KHADKA,"MD DGO, PCPS,DFP",10,"101,102 KAILASH COMPLEX, A2 WING LBS RD.",400078,2009,Approved By AHO/Commitee,https://raw.githubusercontent.com/mickeykedia/Mumbai-Data/master/nursing_home_licenses_mcgm.csv
Maharashtra,Mumbai Suburban / Mumbai City,Bhandup,DR. HEMA P. AMBADAN,DR. . . .,MBBS,1,"GR FL, PHULORA SOC. JAIN MANDIR RD POWAI",400076,2011,Approved By AHO/Commitee,https://raw.githubusercontent.com/mickeykedia/Mumbai-Data/master/nursing_home_licenses_mcgm.csv
Maharashtra,Mumbai Suburban / Mumbai City,Bhandup,DR. SUHAS SOMANATH UPASANI,SMT. RAJSHREE MARUTI KURATE,A.N.M.(M.H.W.),23,SAISASTHA HEIGHT JAMIL NAGAR BHANDUP(W),400078,2012,Approved By AHO/Commitee,https://raw.githubusercontent.com/mickeykedia/Mumbai-Data/master/nursing_home_licenses_mcgm.csv
Maharashtra,Mumbai Suburban / Mumbai City,Bhandup,DR. SAMPATH VASU SHETTY,SMT. KAVITA SURENDRA KOTIYAN,BACHLOR OF SCIENCE IN NURSING,7,BHAGYAWAN RESIDENCY DATAR COLONY BHANDUP(E),400042,2012,Scheduled fees received,https://raw.githubusercontent.com/mickeykedia/Mumbai-Data/master/nursing_home_licenses_mcgm.csv
Maharashtra,Mumbai Suburban / Mumbai City,Bhandup,DR. SHAILESH CHANDRADEV JOSHI,DR. SHAILESH CHANDRADEV JOSHI,M.S.(ORTO),17,R.R.REALITY TANK ROAD BHANDUP(W),400078,2012,Approved By AHO/Commitee,https://raw.githubusercontent.com/mickeykedia/Mumbai-Data/master/nursing_home_licenses_mcgm.csv
Maharashtra,Mumbai Suburban / Mumbai City,Bhandup,DR. ANIL  MOHAN,SMT. ANIE  THOMAS,GENERAL NURSING,10,KESHAV SHRTSTHI L.B.S.MARG BHANDUP{W},400078,2012,Approved By AHO/Commitee,https://raw.githubusercontent.com/mickeykedia/Mumbai-Data/master/nursing_home_licenses_mcgm.csv
Maharashtra,Mumbai Suburban / Mumbai City,Bhandup,DR. SACHIN VINOD SHAH,MS. CHANDRIKA J V,MIDWIFERY,3,SAI SHRADDHA SOC. STN ROAD RELIANCE FRESH -BEHIND,400083,2014,Scheduled fees received,https://raw.githubusercontent.com/mickeykedia/Mumbai-Data/master/nursing_home_licenses_mcgm.csv
Maharashtra,Mumbai Suburban / Mumbai City,Bhandup,DR. SACHIN KIRTIKANT AJMERA,DR. SACHIN KIRTIKANT AJMERA,MD DNB MNAMS GYN,15,CLASSIC COMPLEX VIKAS COLLEGE RD KANNAMWAR NGR NO 2,400083,2013,Approved By AHO/Commitee,https://raw.githubusercontent.com/mickeykedia/Mumbai-Data/master/nursing_home_licenses_mcgm.csv
Maharashtra,Mumbai Suburban / Mumbai City,Bhandup,DR. VIVEK VITHALRAO JADHAV,DR. VIVEK VITHALRAO JADHAV,M.B.B.S.DORC,3,RAJUSADAN L B S MARG BHANDUP (WEST),400078,2014,Scheduled fees received,https://raw.githubusercontent.com/mickeykedia/Mumbai-Data/master/nursing_home_licenses_mcgm.csv
Maharashtra,Mumbai Suburban / Mumbai City,Bhandup,DR. ANIL N MALWANKAR,DR. PRADNYA PRAKASH GUJAR,MS,15,CHAWL NO 237 GROUP. NO. 1 TAGORE NAGAR,400083,1998,Approved By AHO/Commitee,https://raw.githubusercontent.com/mickeykedia/Mumbai-Data/master/nursing_home_licenses_mcgm.csv
Maharashtra,Mumbai Suburban / Mumbai City,Borivali,DR. SURENDRA KEROBA PATIL,DR. MANISHA SURENDER PATIL,BHMS,15,TUIP EKSAR ROAD BORIVALI [W],400092,1993,Payment / Doc received,https://raw.githubusercontent.com/mickeykedia/Mumbai-Data/master/nursing_home_licenses_mcgm.csv
Maharashtra,Mumbai Suburban / Mumbai City,Borivali,DR. SUCHETA SUDHIR PADHYE,M/S S R PADHYE,MS,16,B NANDA DHAM L T ROAD BIRIVALI [W],400092,1985,Approved By AHO/Commitee,https://raw.githubusercontent.com/mickeykedia/Mumbai-Data/master/nursing_home_licenses_mcgm.csv
Maharashtra,Mumbai Suburban / Mumbai City,Borivali,DR. VISHAWNATH SHANKAR LOKARE,MRS. VISHAWANATH SHANKAR LOKARE,MD,10,SWAPNALOK APT NATAKWALA LANE BORIVALI [W],400092,1993,Approved By AHO/Commitee,https://raw.githubusercontent.com/mickeykedia/Mumbai-Data/master/nursing_home_licenses_mcgm.csv
Maharashtra,Mumbai Suburban / Mumbai City,Borivali,DR. PRABHAT SURESH SHAH,DR. PRABHAT SURESH SHAH,M.S. (SURGEN),15,GAURAV DHROOV SAIBABA NAGAR ROAD BORIVALI (W),400092,2003,Payment / Doc received,https://raw.githubusercontent.com/mickeykedia/Mumbai-Data/master/nursing_home_licenses_mcgm.csv
Maharashtra,Mumbai Suburban / Mumbai City,Borivali,DR. SUREKHA HEMANT PARIKH,DR. SUREKHA HEMANT PARIKH,M.S. [OBSG AND GYN],12,MULJINAGAR Bldg.NO 3 SAIBABA MANDIR ROAD BORIVALI(W),400092,1985,Payment / Doc received,https://raw.githubusercontent.com/mickeykedia/Mumbai-Data/master/nursing_home_licenses_mcgm.csv
Maharashtra,Mumbai Suburban / Mumbai City,Borivali,DR. BHARATH TRYAMBAK MAHALE,DR. AVADUTH ASHOK PANDIT,MS,10,BUNGLO PLOT RSC/13 BORIVALI [W],400091,2000,Approved By AHO/Commitee,https://raw.githubusercontent.com/mickeykedia/Mumbai-Data/master/nursing_home_licenses_mcgm.csv
Maharashtra,Mumbai Suburban / Mumbai City,Borivali,DR. MAHESH SONALAL BALDWA,DR. SUSHILA MAHESH BALDWA,M D D G O,15,Sumer Nagar Bldg No S V Road Borivali ( west),400092,1986,Approved By AHO/Commitee,https://raw.githubusercontent.com/mickeykedia/Mumbai-Data/master/nursing_home_licenses_mcgm.csv
Maharashtra,Mumbai Suburban / Mumbai City,Borivali,DR. SUSHILA MAHESH BALDWA,Not Listed,M D D G O,3,Plot No 3  K-Wing S V Road Borivali,400092,1986,Approved By AHO/Commitee,https://raw.githubusercontent.com/mickeykedia/Mumbai-Data/master/nursing_home_licenses_mcgm.csv
Maharashtra,Mumbai Suburban / Mumbai City,Borivali,DR. NIMESH PRAFUL MEHTA,DR. ALPA NIMESH MEHTA,MD [ANAESHTHESIOLOGY],4,LAXMI NIWAS MANDPESHWAR ROAD BORIVALI [W],400092,2003,Approved By AHO/Commitee,https://raw.githubusercontent.com/mickeykedia/Mumbai-Data/master/nursing_home_licenses_mcgm.csv
Maharashtra,Mumbai Suburban / Mumbai City,Borivali,DR. MADHUBHAI B KOTHIA,DR. MADHUBHAI B KOTIA,M.D.,14,LANCELOT APARTMENT S.V. RIOAD BORIVALI WEST,400092,1991,Approved By AHO/Commitee,https://raw.githubusercontent.com/mickeykedia/Mumbai-Data/master/nursing_home_licenses_mcgm.csv
Maharashtra,Mumbai Suburban / Mumbai City,Borivali,DR. PRAKASH VASUDEV DHOND,DR. PRAKASH VASHUDEV DHOND,MS DORL,3,VIBHAV JAMLII GULLI BORIVALI [W],400092,1989,Approved By AHO/Commitee,https://raw.githubusercontent.com/mickeykedia/Mumbai-Data/master/nursing_home_licenses_mcgm.csv
Maharashtra,Mumbai Suburban / Mumbai City,Borivali,DR. RAJAT PUNAMSHEND MODY,DR. AASHISH RAJAT MODY,MS,7,SHROFF APT SODAWALA LANE BORIVALI [W],400092,1985,Payment / Doc received,https://raw.githubusercontent.com/mickeykedia/Mumbai-Data/master/nursing_home_licenses_mcgm.csv
Maharashtra,Mumbai Suburban / Mumbai City,Borivali,DR. VISHWANATH D.SHETTY  DR. NANDA N.SHETTY,DR. VISHWANATH DUJU SHETTY,MS,16,* SVP ROAD BAORIVAI [W],400067,1993,Approved By AHO/Commitee,https://raw.githubusercontent.com/mickeykedia/Mumbai-Data/master/nursing_home_licenses_mcgm.csv
Maharashtra,Mumbai Suburban / Mumbai City,Borivali,MRS. SULOCHANA INDRAVADAN GANDHI,DR. ASHISH MANHARLAL PAREKH,MD,5,KANKAI KRUPA CHIKUWADI BORIVALI [W],400092,2003,Approved By AHO/Commitee,https://raw.githubusercontent.com/mickeykedia/Mumbai-Data/master/nursing_home_licenses_mcgm.csv
Maharashtra,Mumbai Suburban / Mumbai City,Borivali,DR. MILAN MOHAN HINDLEKAR,DR. MILAN M HINDALEKAR,MS  [GEN[,15,SUMICHA S V ROAD BORIVLAI[W,400092,1974,Approved By AHO/Commitee,https://raw.githubusercontent.com/mickeykedia/Mumbai-Data/master/nursing_home_licenses_mcgm.csv
Maharashtra,Mumbai Suburban / Mumbai City,Borivali,DR. BHARAT S PANDYA,DR. MEENA S,MD  DA,27,RAMA NIWAS SODAWALA  NANE BORIVALI [W],400092,1988,Approved By AHO/Commitee,https://raw.githubusercontent.com/mickeykedia/Mumbai-Data/master/nursing_home_licenses_mcgm.csv
Maharashtra,Mumbai Suburban / Mumbai City,Borivali,DR. MEENAL JAYESH DHABALIA,DR. MERENAL JAYESH DHABALIA,"M.B.B.S.,DNB, DGO",21,NIRAV BLDG 90 FEET ROAD THAKUR COMPLEX,400101,2000,Approved By AHO/Commitee,https://raw.githubusercontent.com/mickeykedia/Mumbai-Data/master/nursing_home_licenses_mcgm.csv
Maharashtra,Mumbai Suburban / Mumbai City,Borivali,DR. SANDIP DILIP VYAS,DR. SANDIP DILIP VYAS,M.S (ORTH) D.N.B.,16,HOSPITAL ROAD  NO 8 DAULAT  NAGAR,400066,2000,Approved By AHO/Commitee,https://raw.githubusercontent.com/mickeykedia/Mumbai-Data/master/nursing_home_licenses_mcgm.csv
Maharashtra,Mumbai Suburban / Mumbai City,Borivali,DR. A N PARELKAR,DR. ANIL NARAYAN PARELKAR,MS   [ORTHO],21,GOMTI APT GR FLOOR MANDPESHWAR ROAD BORIVALI [W],400092,1986,Approved By AHO/Commitee,https://raw.githubusercontent.com/mickeykedia/Mumbai-Data/master/nursing_home_licenses_mcgm.csv
Maharashtra,Mumbai Suburban / Mumbai City,Borivali,DR. BHARAT MOHANLAL SHAH,DR. BHARAT MOHANLAL SHAH,M.S. GEN SURGEN,8,AMITA APARTMENT 5 KASTURBA ROAD BORIWALI EAST,400066,1985,Approved By AHO/Commitee,https://raw.githubusercontent.com/mickeykedia/Mumbai-Data/master/nursing_home_licenses_mcgm.csv
Maharashtra,Mumbai Suburban / Mumbai City,Borivali,DR. RAJESH P GHAGARE,MRS. MANISHA A KANGUTKAR,GEN.NURSING AND MIDWIFERY,15,GOYAL TRADE CENTRE SONA TALKIES BLDG BORIVALI[E],400066,2009,Scheduled fees received,https://raw.githubusercontent.com/mickeykedia/Mumbai-Data/master/nursing_home_licenses_mcgm.csv
Maharashtra,Mumbai Suburban / Mumbai City,Borivali,DR. SANGEETA VRAJESH SHAH,DR. ARPIT BIPINCHANDRA DOSHI,M.B.B.S.,51,A WING NEAR STANDER CHANDAWARKAR ROAD BORIVALI[W],400092,2007,Approved By AHO/Commitee,https://raw.githubusercontent.com/mickeykedia/Mumbai-Data/master/nursing_home_licenses_mcgm.csv
Maharashtra,Mumbai Suburban / Mumbai City,Borivali,DR. MANISH HASMUKH SHAH,DR. MANISH HASMUKH SHAH,M.S,15,ANJANA APT S V P ROAD SHIMPOLI   JUNCTION BORIVALI [W],400092,1993,Approved By AHO/Commitee,https://raw.githubusercontent.com/mickeykedia/Mumbai-Data/master/nursing_home_licenses_mcgm.csv
Maharashtra,Mumbai Suburban / Mumbai City,Borivali,DR. RAJESH MANHARLAL BHATT,Not Listed,"MS,MCH",15,VINI ELEGANCE 4TH FLOOR L T ROAD,400092,2014,Scheduled fees received,https://raw.githubusercontent.com/mickeykedia/Mumbai-Data/master/nursing_home_licenses_mcgm.csv
Maharashtra,Mumbai Suburban / Mumbai City,Borivali,DR. SALIL RAGHUBIR AGARWALA,DR. SALIL RAGHUBIR AGARWALA,"MBBS, MS, DOMS, FCPS, DNB.",2,UTKARSH HEIGHT DR. KARODE ROAD BORIVALI(W),400092,2014,Scheduled fees received,https://raw.githubusercontent.com/mickeykedia/Mumbai-Data/master/nursing_home_licenses_mcgm.csv
Maharashtra,Mumbai Suburban / Mumbai City,Goregaon,DR. HEMAN SHANTARAM KULKARNI,MR. HEMAN SHANTARAM KULKARNI,"MS(MUM),DNB(IND) IN GEN.SGY",14,"FLAT NO.H-2,G-3,4,5 GROUND FLOOR GEN.A.K.VAIDYA MARG",400063,1995,Approved By AHO/Commitee,https://raw.githubusercontent.com/mickeykedia/Mumbai-Data/master/nursing_home_licenses_mcgm.csv
Maharashtra,Mumbai Suburban / Mumbai City,Goregaon,DR. SUSHILA MADHUKAR INAMDAR,DR. B M INAMDAR,M D PEL SURG,15,JAWAHAR NAGAR S V ROAD GOREGAON WEST,400062,1981,Approved By AHO/Commitee,https://raw.githubusercontent.com/mickeykedia/Mumbai-Data/master/nursing_home_licenses_mcgm.csv
Maharashtra,Mumbai Suburban / Mumbai City,Goregaon,DR. PANKAJ JETHALAL SHAH,DR. PANKAJ JETHALAL SHAH,M D,36,"101,102,103, ONYX BL S V ROAD GOREGAON WEST",400104,2004,Approved By AHO/Commitee,https://raw.githubusercontent.com/mickeykedia/Mumbai-Data/master/nursing_home_licenses_mcgm.csv
Maharashtra,Mumbai Suburban / Mumbai City,Goregaon,MR. DR VITAL VAIKUNTH SHENOY,MR. DR V V SHENOY,M B B S,25,PARAS C H S S V ROAD .,400062,1982,Payment / Doc received,https://raw.githubusercontent.com/mickeykedia/Mumbai-Data/master/nursing_home_licenses_mcgm.csv
Maharashtra,Mumbai Suburban / Mumbai City,Goregaon,DR. M L SINGHI,DR. M L SINGHI,M.S.,21,B ASHOK RAJ BLDG 1 FLR GOREGAON WEST,400062,1980,Approved By AHO/Commitee,https://raw.githubusercontent.com/mickeykedia/Mumbai-Data/master/nursing_home_licenses_mcgm.csv
Maharashtra,Mumbai Suburban / Mumbai City,Goregaon,MR. BHASKAR J BHATT,MR. BHASKAR J BHATT,M D D G O,10,HIRNEN SHOPPING CENT M G ROAD GOREGAON WEST,400062,1983,Approved By AHO/Commitee,https://raw.githubusercontent.com/mickeykedia/Mumbai-Data/master/nursing_home_licenses_mcgm.csv
Maharashtra,Mumbai Suburban / Mumbai City,Goregaon,MR. SANJAY S KHANDELWAL,Not Listed,M B B S M D,8,"PRARTHANA BLDG A 101 B 101,102 GOREGAON WEST",400090,2002,Approved By AHO/Commitee,https://raw.githubusercontent.com/mickeykedia/Mumbai-Data/master/nursing_home_licenses_mcgm.csv
Maharashtra,Mumbai Suburban / Mumbai City,Goregaon,DR. SAROJ J BHATT,DR. SAROJ B BHATT,M D D G O,10,HIRNEN SHOPPING CENT M G ROAD GOREGAON WEST,400062,1983,Approved By AHO/Commitee,https://raw.githubusercontent.com/mickeykedia/Mumbai-Data/master/nursing_home_licenses_mcgm.csv
Maharashtra,Mumbai Suburban / Mumbai City,Goregaon,DR. S N AGARWAL,DR. S N AGARWAL,M S OPTH,4,KRISHNA KUNJ OPP CITI CENTRE GOREGAON WEST,400062,1991,Approved By AHO/Commitee,https://raw.githubusercontent.com/mickeykedia/Mumbai-Data/master/nursing_home_licenses_mcgm.csv
Maharashtra,Mumbai Suburban / Mumbai City,Goregaon,MR. ARVIND N GHONGANE,MRS. MEENA . GHONGANE,PAED.,13,LINK ROAD CHINCHOLI BANDER MALAD WEST,400064,2003,Approved By AHO/Commitee,https://raw.githubusercontent.com/mickeykedia/Mumbai-Data/master/nursing_home_licenses_mcgm.csv
Maharashtra,Mumbai Suburban / Mumbai City,Goregaon,DR. ARUNA G TILVE,DR. ARUN G TILVE,M D  D G O,9,MAITHILI C H S BEHIND MASURASHRAM ROAD NO 5,400063,1990,Approved By AHO/Commitee,https://raw.githubusercontent.com/mickeykedia/Mumbai-Data/master/nursing_home_licenses_mcgm.csv
Maharashtra,Mumbai Suburban / Mumbai City,Goregaon,DR. AJEET JEEVANDHAR JAIN,Not Listed,DOCTOR,15,UNNAT NAGAR OPP ROSARY CHURCH M G ROAD,400062,2005,Payment / Doc received,https://raw.githubusercontent.com/mickeykedia/Mumbai-Data/master/nursing_home_licenses_mcgm.csv
Maharashtra,Mumbai Suburban / Mumbai City,Goregaon,DR. MRS SUDHA DAMODAR DATAR,DR. MRS SUDHA DAMODAR DADAR,M D D G O D F P,18,SARTHAK APT. AAREY ROAD GOREGAON EAST,400063,1980,Approved By AHO/Commitee,https://raw.githubusercontent.com/mickeykedia/Mumbai-Data/master/nursing_home_licenses_mcgm.csv
Maharashtra,Mumbai Suburban / Mumbai City,Goregaon,MR. SUNIL VISHNUPANT KARANDE,DR. SUNIEL VISHNUPANT KARANDE,M D  D M CARDIOLOGIST,20,GREEN LAWN APT OPP SAINT PIUS COLLEGE GOREGAON EAST,400063,2004,Payment / Doc received,https://raw.githubusercontent.com/mickeykedia/Mumbai-Data/master/nursing_home_licenses_mcgm.csv
Maharashtra,Mumbai Suburban / Mumbai City,Goregaon,DR. NARESH SURAJMAL CHODHARI,DR. NARESH S. CHOUDHARI,M.S.(OPHTHAL),10,ABOVE I C C I BANK S V ROAD GOREGAON WEST,400062,1983,Approved By AHO/Commitee,https://raw.githubusercontent.com/mickeykedia/Mumbai-Data/master/nursing_home_licenses_mcgm.csv
Maharashtra,Mumbai Suburban / Mumbai City,Goregaon,DR. ASHWIN VINAYAK SAMANT,DR. ASHWIN VINAK SAMANT,MS DNS D.ORTHO,9,YASHODHAN PLOT NO 5 GOREGAON EAST,400063,1999,Approved By AHO/Commitee,https://raw.githubusercontent.com/mickeykedia/Mumbai-Data/master/nursing_home_licenses_mcgm.csv
Maharashtra,Mumbai Suburban / Mumbai City,Goregaon,MR. HARADI NAGESH PAI,Not Listed,M S OPTHO D O M S,1,1 FLR S V ROAD GOREGAON WEST,400062,1999,Approved By AHO/Commitee,https://raw.githubusercontent.com/mickeykedia/Mumbai-Data/master/nursing_home_licenses_mcgm.csv
Maharashtra,Mumbai Suburban / Mumbai City,Goregaon,MR. RAMESH L SINGH,Not Listed,M B B S M S,5,L R PLAZA BLDG D-WING GEN  A K VAIDYA MARG,400063,2007,Scheduled fees received,https://raw.githubusercontent.com/mickeykedia/Mumbai-Data/master/nursing_home_licenses_mcgm.csv
Maharashtra,Mumbai Suburban / Mumbai City,Goregaon,DR. JITENDRA KAMTAPRASAD TIWARI,Not Listed,M S,9,PRARTHANA BLDG 1 FLR JUNCTION,400090,2001,Approved By AHO/Commitee,https://raw.githubusercontent.com/mickeykedia/Mumbai-Data/master/nursing_home_licenses_mcgm.csv
Maharashtra,Mumbai Suburban / Mumbai City,Goregaon,MR. J K TIWARI,DR. JITENDRA K TIWARI,M S,24,1 2 3 TIWARI VILLA ROAD NO 4,400062,1984,Approved By AHO/Commitee,https://raw.githubusercontent.com/mickeykedia/Mumbai-Data/master/nursing_home_licenses_mcgm.csv
Maharashtra,Mumbai Suburban / Mumbai City,Goregaon,DR. ARUN S CHAUDHARI,DR. ARUN SURESH CHAUDHARI,MS DOMS FCPS,1,PADMAVATI NAGAR GEN A K VAIDYA MARG GOREGAON EAST,400063,2002,Approved By AHO/Commitee,https://raw.githubusercontent.com/mickeykedia/Mumbai-Data/master/nursing_home_licenses_mcgm.csv
Maharashtra,Mumbai Suburban / Mumbai City,Goregaon,DR. SOMNATH . BAMI,Not Listed,M S ORTHO,12,KUMUD NAGAR GOREGAON WEST .,400104,1990,Approved By AHO/Commitee,https://raw.githubusercontent.com/mickeykedia/Mumbai-Data/master/nursing_home_licenses_mcgm.csv
Maharashtra,Mumbai Suburban / Mumbai City,Goregaon,DR. MRS.HANSA ANAND NAIK,Not Listed,MD,15,"1/18, JAYKAR SMRUTI AAREY ROAD GOREGAON  [WEST]",400062,1981,Approved By AHO/Commitee,https://raw.githubusercontent.com/mickeykedia/Mumbai-Data/master/nursing_home_licenses_mcgm.csv
Maharashtra,Mumbai Suburban / Mumbai City,Goregaon,DR. NEELAM O SINGH,DR. NEELAM . SINGH,MD,16,LAXMI PALACE 1st FLOOR S.V.ROAD MALAD [W],400064,1989,Approved By AHO/Commitee,https://raw.githubusercontent.com/mickeykedia/Mumbai-Data/master/nursing_home_licenses_mcgm.csv
Maharashtra,Mumbai Suburban / Mumbai City,Goregaon,DR. RAMESH DAHYABHAI KAPADIA,Not Listed,MS,5,SUNDER NAGAR S V ROAD GOREGAON  [WEST],400064,1982,Approved By AHO/Commitee,https://raw.githubusercontent.com/mickeykedia/Mumbai-Data/master/nursing_home_licenses_mcgm.csv
Maharashtra,Mumbai Suburban / Mumbai City,Goregaon,DR. BELA. . PATEL,Not Listed,M B B S,16,MANAVSTHAL A WING II GOKULDHAM GOREGAON EAST,400063,1995,Approved By AHO/Commitee,https://raw.githubusercontent.com/mickeykedia/Mumbai-Data/master/nursing_home_licenses_mcgm.csv
Maharashtra,Mumbai Suburban / Mumbai City,Goregaon,DR. MUNDHRA DEENBANDHU BHANWARLAL,Not Listed,M B B C M D PAED,21,"FLAT NO 101,102,103, 104 K WING 1 FLR PHASE II",400063,2007,Approved By AHO/Commitee,https://raw.githubusercontent.com/mickeykedia/Mumbai-Data/master/nursing_home_licenses_mcgm.csv
Maharashtra,Mumbai Suburban / Mumbai City,Goregaon,DR. SUSHIL K SABNIS,DR. SUSHIL . SABNIS,M S ORTHO D ORTHO,10,NIWARA AAREY ROAD OPP PRESIDENT CHEMIST,400063,1986,Approved By AHO/Commitee,https://raw.githubusercontent.com/mickeykedia/Mumbai-Data/master/nursing_home_licenses_mcgm.csv
Maharashtra,Mumbai Suburban / Mumbai City,Goregaon,MRS. BHARTIBEN LILADHAR BHANUSHALI,Not Listed,M D,16,GROUND FLR JAWAHAR NAGAR GOREGAON WEST,400062,1995,Approved By AHO/Commitee,https://raw.githubusercontent.com/mickeykedia/Mumbai-Data/master/nursing_home_licenses_mcgm.csv
Maharashtra,Mumbai Suburban / Mumbai City,Goregaon,DR. ROHINI S BADWE,Not Listed,M D D A,17,JAYKAR SMRUTI AAREY ROAD GOREGAON WEST,400062,1993,Approved By AHO/Commitee,https://raw.githubusercontent.com/mickeykedia/Mumbai-Data/master/nursing_home_licenses_mcgm.csv
Maharashtra,Mumbai Suburban / Mumbai City,Goregaon,DR. RAJAN NALIN MODI,DR. R N MODI,MS,30,ALANKAR SOCIETY M.G.ROAD GOREGAON [W],400062,1988,Approved By AHO/Commitee,https://raw.githubusercontent.com/mickeykedia/Mumbai-Data/master/nursing_home_licenses_mcgm.csv
Maharashtra,Mumbai Suburban / Mumbai City,Goregaon,MR. VIPUL VINAYAK SITUT,Not Listed,M B B S M C P S MS  D ORTHO,9,AALAY APRT GOGATE WADI ROAD GOREGAON EAST,400063,2001,Approved By AHO/Commitee,https://raw.githubusercontent.com/mickeykedia/Mumbai-Data/master/nursing_home_licenses_mcgm.csv
Maharashtra,Mumbai Suburban / Mumbai City,Goregaon,DR. SUNIL SUMANT CHAWAN,DR. . . .,M.B.M.S,30,SHREE SAI CLINIC PADMAVATI BLDG. S.V.RD.,400062,1999,Approved By AHO/Commitee,https://raw.githubusercontent.com/mickeykedia/Mumbai-Data/master/nursing_home_licenses_mcgm.csv
Maharashtra,Mumbai Suburban / Mumbai City,Goregaon,MR. SURINDER U DANG,MRS. MEENKASHI PRASAD GIJARE,BSC/MSC,75,SIDDHACHAL ARCADE CTS NO-1084 C &amp;amp; 1186 A MALAD [W],400064,2015,Scheduled fees received,https://raw.githubusercontent.com/mickeykedia/Mumbai-Data/master/nursing_home_licenses_mcgm.csv
Maharashtra,Mumbai Suburban / Mumbai City,Goregaon,DR. ABHAY S VISPUTE,MRS. SHINI . THOMAS,GNM,80,"KAMLA CHARAN BLDG ABOVE VIJAYA BANK ROAD NO-2, JAWAHAR NAG GOREGAON [W]",400062,2015,Scheduled fees received,https://raw.githubusercontent.com/mickeykedia/Mumbai-Data/master/nursing_home_licenses_mcgm.csv
Maharashtra,Mumbai Suburban / Mumbai City,Goregaon,DR. ANIRUDDH P AMBEKAR,DR. ANIRUDDH P AMBEKAR,MBBS D-ORTHO,50,LIFELLINE MEDICARE HOSPITAL PVT LTD S.V.ROAD GOREGAON [W],400062,2014,Scheduled fees received,https://raw.githubusercontent.com/mickeykedia/Mumbai-Data/master/nursing_home_licenses_mcgm.csv
Maharashtra,Mumbai Suburban / Mumbai City,Matunga,DR. SHILPA SUHAS ABHYANKAR,Not Listed,M.D,4,"159, GANESH PRASAD DR PARCHURE&amp;amp;amp;#39;S NURSING HOME HINDU COLONY",400014,1989,Payment / Doc received,https://raw.githubusercontent.com/mickeykedia/Mumbai-Data/master/nursing_home_licenses_mcgm.csv
Maharashtra,Mumbai Suburban / Mumbai City,Matunga,MR. MADHU DILIP LAD,DR. MADHU DILIP LAD,MBBS DGO DFP,35,DR LAD SAI HOSPITAL BEHIND DOSTI ESTATE WADALA (E),400037,1995,Approved By AHO/Commitee,https://raw.githubusercontent.com/mickeykedia/Mumbai-Data/master/nursing_home_licenses_mcgm.csv
Maharashtra,Mumbai Suburban / Mumbai City,Matunga,DR. PRASHANT MADHUSUDAN DEOSTHALI,DR. PRASHANT M DEOSTHALI,"MS BOM OPTH, DOMS MUM OPTH",3,SHIV MAHAL SION MAIN RD SION,400022,2005,Payment / Doc received,https://raw.githubusercontent.com/mickeykedia/Mumbai-Data/master/nursing_home_licenses_mcgm.csv
Maharashtra,Mumbai Suburban / Mumbai City,Matunga,DR. RAJIV H KAMDAR,MR. RAJIV H KAMDAR,MD PEDIATRICS,5,"56,INDRALAYA SION MAIN ROAD SION",400022,1991,Payment / Doc received,https://raw.githubusercontent.com/mickeykedia/Mumbai-Data/master/nursing_home_licenses_mcgm.csv
Maharashtra,Mumbai Suburban / Mumbai City,Matunga,MR. VASANT JAYANTILAL KHETANI,DR. RAMESH NILKANTH KENKRE,MS D O R L,65,LTBH MARG LIION TARACHAND BAPA HOSPITAL MARG JAIN SOCIETY,400022,1989,Payment / Doc received,https://raw.githubusercontent.com/mickeykedia/Mumbai-Data/master/nursing_home_licenses_mcgm.csv
Maharashtra,Mumbai Suburban / Mumbai City,Matunga,DR. MANU KASHINATH SOBTI,DR. MANU KASHINATH SOBTI,MS MCH DNB(URO),6,CHANCHAL SMRITI AMBEDKAR ROAD WADALA,400031,1989,Payment / Doc received,https://raw.githubusercontent.com/mickeykedia/Mumbai-Data/master/nursing_home_licenses_mcgm.csv
Maharashtra,Mumbai Suburban / Mumbai City,Matunga,DR. LATHA S CHAUDHARI,DR. LATHA S CHAUDHARI,"MD,DA.ORIENTATION COURSE",72,SMT SR MEHTA &amp;am CARDIAC INST RD 31 SION,400022,2001,Payment / Doc received,https://raw.githubusercontent.com/mickeykedia/Mumbai-Data/master/nursing_home_licenses_mcgm.csv
Maharashtra,Mumbai Suburban / Mumbai City,Matunga,DR. ULHAS YASHWANT KULKARNI,DR. ANJLI ULHAS KULKARNI,M.B.B.S,5,AALAP SIR BHALCHANDRA RD DADAR (E),400014,1997,Approved By AHO/Commitee,https://raw.githubusercontent.com/mickeykedia/Mumbai-Data/master/nursing_home_licenses_mcgm.csv
Maharashtra,Mumbai Suburban / Mumbai City,Matunga,DR. SUDHIR S JOSHI,DR. SUDHIR SHRINIVAS JOSHI,MS ORTHO,16,SHRINIVAS L N RD DADAR E,400014,1980,Payment / Doc received,https://raw.githubusercontent.com/mickeykedia/Mumbai-Data/master/nursing_home_licenses_mcgm.csv
Maharashtra,Mumbai Suburban / Mumbai City,Matunga,DR. NAND KISHORE ALLAHBADIA,DR. N. K. ALLAHBADIA,M.M.S.A,8,MY-NEST SEWRI-WADALA SCHEME NO.57 WADALA,400031,1988,Payment / Doc received,https://raw.githubusercontent.com/mickeykedia/Mumbai-Data/master/nursing_home_licenses_mcgm.csv
Maharashtra,Mumbai Suburban / Mumbai City,Matunga,MR. VIJAY I PANCHOLI,MS. * * *,*,2,JESHTARAM BAUG DR AMBEDKAR MARG DADAR TT CIRCLE,400014,2003,Payment / Doc received,https://raw.githubusercontent.com/mickeykedia/Mumbai-Data/master/nursing_home_licenses_mcgm.csv
Maharashtra,Mumbai Suburban / Mumbai City,Matunga,DR. OMRAJ LOKESH RATOOD,MRS. NANDA VIJAY ABHYANKAR,MBBS,10,SARSWATI SADAN SCHEME NO.6 SION (E),400022,1989,Approved By AHO/Commitee,https://raw.githubusercontent.com/mickeykedia/Mumbai-Data/master/nursing_home_licenses_mcgm.csv
Maharashtra,Mumbai Suburban / Mumbai City,Matunga,DR. RAVINDRA RAMKRISHNA ABHYANKAR,DR. RAVINDRA RAMKRISHNA ABHYANKAR,"M.D.,D.P.M.,M.N.A.M.C.,F.I.P.S",7,CHAMAN HOUSE SION MAIN RD SION BUS DEPOT,400022,1990,Payment / Doc received,https://raw.githubusercontent.com/mickeykedia/Mumbai-Data/master/nursing_home_licenses_mcgm.csv
Maharashtra,Mumbai Suburban / Mumbai City,Matunga,DR. NARENDRA  SHARMA,DR. RAJIV N SHARMA,MBBS(MUM),15,ANTOP HILL HOSPITAL S M D RD NR SION KOLIWADA,400037,1988,Approved By AHO/Commitee,https://raw.githubusercontent.com/mickeykedia/Mumbai-Data/master/nursing_home_licenses_mcgm.csv
Maharashtra,Mumbai Suburban / Mumbai City,Matunga,MR. ADITYA AJIT PHADKE,DR. HEMA * KANNAN,M.B.B.S.,22,BHALCHANDRA BHUVAN SIR BHALCHANDRA RD. MATUNGA,400019,2008,Payment / Doc received,https://raw.githubusercontent.com/mickeykedia/Mumbai-Data/master/nursing_home_licenses_mcgm.csv
Maharashtra,Mumbai Suburban / Mumbai City,Matunga,DR. SUDHA MADHUKAR LOKESHWAR,DR. MADHUKAR RAMCHANDRA LOKESHWAR,MD(PED),15,IMPERIAL MAHAL KHODADA CIRCLE DADAR(E),400014,2008,Scheduled fees received,https://raw.githubusercontent.com/mickeykedia/Mumbai-Data/master/nursing_home_licenses_mcgm.csv
Maharashtra,Mumbai Suburban / Mumbai City,Matunga,DR. MANOJ KANTILAL PATRAWALA,DR. MANOJ KANTILAL PATRAWALA,MBBS MS,14,BHAGNARI SOCITY N S MANIKIKAR MARG SION-CHUNABHATI,400022,2008,Scheduled fees received,https://raw.githubusercontent.com/mickeykedia/Mumbai-Data/master/nursing_home_licenses_mcgm.csv
Maharashtra,Mumbai Suburban / Mumbai City,Matunga,MR. JERNAILSINGH PREMSINGH,MRS. SUREKHA BALKRISHNA SURVE,"S.S.C.,M W NURSES",12,KUM KUM GUJARAT SOCI SION MAIN ROAD SION WEST,400022,2008,Approved By AHO/Commitee,https://raw.githubusercontent.com/mickeykedia/Mumbai-Data/master/nursing_home_licenses_mcgm.csv
Maharashtra,Mumbai Suburban / Mumbai City,Matunga,DR. MANISHA TRIMURTI NADKARNI,DR. MANISHA T NADKARNI,"MBBS,DGO,MD(GYN &amp;amp;amp;a",5,MAHADEO KUTIR ROAD 24 SION WEST,400022,2008,Scheduled fees received,https://raw.githubusercontent.com/mickeykedia/Mumbai-Data/master/nursing_home_licenses_mcgm.csv
Maharashtra,Mumbai Suburban / Mumbai City,Matunga,DR. ASHOK GULAB SHANKAR MISHRA,MRS. RADHA T S,"H.S.C ,M.W.NURSES",10,MISTRY PARK BLDG 2 SHAIKH MISTRY DURGA ANTOP HILL,400037,2001,Approved By AHO/Commitee,https://raw.githubusercontent.com/mickeykedia/Mumbai-Data/master/nursing_home_licenses_mcgm.csv
Maharashtra,Mumbai Suburban / Mumbai City,Matunga,DR. VANDANA . WALVEKAR,DR. VANDANA .RAMCHANDRA WALVEKAR,"M.D.,D.G.O.,D.F.P.",4,SHUBH ASHIRWAD HINDU COLONY DADAR,400014,1990,Payment / Doc received,https://raw.githubusercontent.com/mickeykedia/Mumbai-Data/master/nursing_home_licenses_mcgm.csv
Maharashtra,Mumbai Suburban / Mumbai City,Matunga,DR. RAMESH D POTDAR,MS. SUNADA . ACHAREKAR,HSC,3,HOSPITAL SAI KUNJ BILD DADAR,400014,1988,Approved By AHO/Commitee,https://raw.githubusercontent.com/mickeykedia/Mumbai-Data/master/nursing_home_licenses_mcgm.csv
Maharashtra,Mumbai Suburban / Mumbai City,Matunga,DR. KANKARIA TARA SHANKARLAL,DR. TARA SHANKAR KANKARIA,"BA,MFAM",10,KRISHNA BHAVAN ST RD SION (W),400022,1983,Payment / Doc received,https://raw.githubusercontent.com/mickeykedia/Mumbai-Data/master/nursing_home_licenses_mcgm.csv
Maharashtra,Mumbai Suburban / Mumbai City,Matunga,DR. SHRIRAM MADHAV KHADILKAR,DR. SHRIRAM MADHAV KHADILKAR,MD OBSTRICT AND GYNAECOLOGY,4,STATUS CO OP HOUSING SOCIETY LTD. PLOT NO 33 DADAR EAST,400014,2001,Approved By AHO/Commitee,https://raw.githubusercontent.com/mickeykedia/Mumbai-Data/master/nursing_home_licenses_mcgm.csv
Maharashtra,Mumbai Suburban / Mumbai City,Bandra,MR. HITESH INDRAVADAN PARIKH,Not Listed,MD. DGO.,30,19A PALI RD. BANDRA-W,400050,1990,Approved By AHO/Commitee,https://raw.githubusercontent.com/mickeykedia/Mumbai-Data/master/nursing_home_licenses_mcgm.csv
Maharashtra,Mumbai Suburban / Mumbai City,Bandra,DR. BHUPENDRA S. AVASTHI,DR. BHUPENDRA S. AVASTHI,M.D. (PAED),75,MANGAL ASHIRWAD JUNCTION OF S.V.ROAD SANTACRUZ (W),400054,2006,Approved By AHO/Commitee,https://raw.githubusercontent.com/mickeykedia/Mumbai-Data/master/nursing_home_licenses_mcgm.csv
Maharashtra,Mumbai Suburban / Mumbai City,Bandra,DR. SUBASH J. PENKAR,MRS. USHA J PENKAR,"B SC,BPN",2,PATKAR MATERNITY HOM HILL ROAD BANDRA (W),400050,2006,Approved By AHO/Commitee,https://raw.githubusercontent.com/mickeykedia/Mumbai-Data/master/nursing_home_licenses_mcgm.csv
Maharashtra,Mumbai Suburban / Mumbai City,Bandra,DR. SHOUNAK BHUPENDRA PAREKH,DR. SHOUNAK BHUPENDRA PAREKH,"MS(MUM)DNBE,DOMS,FCPS,MNAMS",4,DIAMOND PALACE 15 - A HILL ROAD OPP. BANDRA POLICE STN.,400050,2005,Approved By AHO/Commitee,https://raw.githubusercontent.com/mickeykedia/Mumbai-Data/master/nursing_home_licenses_mcgm.csv
Maharashtra,Mumbai Suburban / Mumbai City,Bandra,DR. RAJEEV VISHINDAS PUNJABI,DR. RAJEEV VISHINDAS PUNJABI,"DNB,FCPS",15,SHYAM KRIPA 15 TH ROAD KHAR (W),400052,2003,Approved By AHO/Commitee,https://raw.githubusercontent.com/mickeykedia/Mumbai-Data/master/nursing_home_licenses_mcgm.csv
Maharashtra,Mumbai Suburban / Mumbai City,Bandra,DR. AVINASH  D SOUZA,MRS. AVINASH ALAN DESOUSA,MD DPM,25,KHAR SEVEN STARS CHS JN. OF 24 TH KHAR (W),400052,1975,Payment / Doc received,https://raw.githubusercontent.com/mickeykedia/Mumbai-Data/master/nursing_home_licenses_mcgm.csv
Maharashtra,Mumbai Suburban / Mumbai City,Bandra,DR. RYAN BOSCO DSOUZA,DR. RYAN BOSCO DSOUZA,"M.B.B.S,M.S,D.N.B",4,HILTON C.H.S. LTD 1ST FLOOR OPP. ELCO MARKET,400050,2008,Scheduled fees received,https://raw.githubusercontent.com/mickeykedia/Mumbai-Data/master/nursing_home_licenses_mcgm.csv
Maharashtra,Mumbai Suburban / Mumbai City,Bandra,DR. VAISHAL PRAVIN KENIA,DR. VAISHAL PRAVIN KENIA,M.S. (OPTHALMIC SURGON ),8,"RIZVI NAGAR D-102,C-101,C-102, SH. NO. 10-13 SANTACRUZ- W",400054,2010,Payment / Doc received,https://raw.githubusercontent.com/mickeykedia/Mumbai-Data/master/nursing_home_licenses_mcgm.csv
Maharashtra,Mumbai Suburban / Mumbai City,Bandra,DR. KUMAR KISHICHAND MULCHANDANI,MR. KUMAR KISHANCHAND MULCHANDANI,M.D. ( PED. ),22,G.M.MEDICAL CENTER S.V. ROAD KHAR-W,400052,2006,Approved By AHO/Commitee,https://raw.githubusercontent.com/mickeykedia/Mumbai-Data/master/nursing_home_licenses_mcgm.csv
Maharashtra,Mumbai Suburban / Mumbai City,Bandra,DR. BHUPENDRA SURYANARAYAN AVASTHI,DR. BHUPENDRA SURYANARAYAN AVASTHI,"MD, DCH, FCPS, MNAMS",125,"1ST BASEMENT, GRD FL 1ST - 2ND-3RD AND 4TH FLOOR OF &quot;V.F SANTACRUZ (WEST)",400054,2014,Scheduled fees received,https://raw.githubusercontent.com/mickeykedia/Mumbai-Data/master/nursing_home_licenses_mcgm.csv
Maharashtra,Mumbai Suburban / Mumbai City,Elphinstone,DR. PARAS PUNAMIYA,DR. PALLAVI . LANIEWAR,M.D.,20,Inder Tower Gokhale Road Dadar (W),400028,2006,Payment / Doc received,https://raw.githubusercontent.com/mickeykedia/Mumbai-Data/master/nursing_home_licenses_mcgm.csv
Maharashtra,Mumbai Suburban / Mumbai City,Elphinstone,DR. KAMLESH NATVARLAL PARIKH,DR. K. N. PARIKH,M.B.B.S.,13,PARIKH NURSING HOME RAMODIYA MENSION NO.1 WORLI,400030,2007,Scheduled fees received,https://raw.githubusercontent.com/mickeykedia/Mumbai-Data/master/nursing_home_licenses_mcgm.csv
Maharashtra,Mumbai Suburban / Mumbai City,Elphinstone,DR. SAROJ VINOD DESAI,DR. VINOD L DESAI,M B B S,25,7-8-SHUBHASHISH SHUBHASHISH N M JOSHI MARG,400011,1993,Approved By AHO/Commitee,https://raw.githubusercontent.com/mickeykedia/Mumbai-Data/master/nursing_home_licenses_mcgm.csv
Maharashtra,Mumbai Suburban / Mumbai City,Elphinstone,DR. JAWANT SHANTARAM NERURKAR,DR. DWYNNESH JAYAWANT NERURKAR,M.B.B.S.,5,PRITHVI VANDAN CHS N. M. JOSHI MARG DELISLE ROAD,400013,1976,Approved By AHO/Commitee,https://raw.githubusercontent.com/mickeykedia/Mumbai-Data/master/nursing_home_licenses_mcgm.csv
Maharashtra,Mumbai Suburban / Mumbai City,Elphinstone,DR. MADHAV NARAYAN SATHE,DR. SAROJ  SATHE,M.D.D.A.,40,B.D.D. CHAWL NO.50 DR. G. M. BHOSALE MARG WORLI,400018,1974,Approved By AHO/Commitee,https://raw.githubusercontent.com/mickeykedia/Mumbai-Data/master/nursing_home_licenses_mcgm.csv
Maharashtra,Mumbai Suburban / Mumbai City,Elphinstone,DR. MADHAV NARAYAN SATHE,DR. MUGDHA TARUN AGARWAL,M.D.D.G.O.,40,B.D.D. CHAWL NO.31 N. M. JOSHI MARG DELISLE ROAD,400013,1974,Approved By AHO/Commitee,https://raw.githubusercontent.com/mickeykedia/Mumbai-Data/master/nursing_home_licenses_mcgm.csv
Maharashtra,Mumbai Suburban / Mumbai City,Elphinstone,MR. GOPINATH N. SHENOY,DR. GOPINATH N. SHENOY,MD DGO,22,SHENOY BLDG. G.K.MARG. LOWER PAREL,400013,2009,Scheduled fees received,https://raw.githubusercontent.com/mickeykedia/Mumbai-Data/master/nursing_home_licenses_mcgm.csv
Maharashtra,Mumbai Suburban / Mumbai City,Elphinstone,DR. JAYAWANT SHANTARAM NERURKAR,Not Listed,"M B B S , GFAM,M D,DSA C MMPC",5,PRITHVI-VANDAN CHS N M JOSHI MARG DELISLE RD,400013,2011,Scheduled fees received,https://raw.githubusercontent.com/mickeykedia/Mumbai-Data/master/nursing_home_licenses_mcgm.csv
Maharashtra,Mumbai Suburban / Mumbai City,Elphinstone,MR. SUNIL SAREMAL JAIN,MR. SUNIL SAREMAL JAIN,"D.N.B, FCPS, DO, DOMS, MBBS",1,"WORLI PANKAJ MANSION C.H.S, 8, WORLI",400018,2013,Approved By AHO/Commitee,https://raw.githubusercontent.com/mickeykedia/Mumbai-Data/master/nursing_home_licenses_mcgm.csv
Maharashtra,Mumbai Suburban / Mumbai City,Elphinstone,DR. ASHA ATUL RAJADHYAKSHA,DR. ASHA ATUL RAJADHYAKSHA,MD. GYNAEC / OBSTETRICS,4,MATRUCHHAYA HATISKAR MARG PRABHADEVI SEA FACE,400025,1992,Approved By AHO/Commitee,https://raw.githubusercontent.com/mickeykedia/Mumbai-Data/master/nursing_home_licenses_mcgm.csv
Maharashtra,Mumbai Suburban / Mumbai City,Khar/Santacruz,DR. JANAKI  RAMKRISHNA,DR. JANAKI * R.,DOCTOR,10,PRASHANTI NUR.HOME VIDYA DHAM C.S.T.ROAD SANTACRUZ EAST,400055,1992,Approved By AHO/Commitee,https://raw.githubusercontent.com/mickeykedia/Mumbai-Data/master/nursing_home_licenses_mcgm.csv
Maharashtra,Mumbai Suburban / Mumbai City,Khar/Santacruz,DR. VIRENDRA RAMMURAT TIWARI,DR. RAJKUMAR - TRIPATHI,M.S.,20,KIRAN KUNJ VAKOLA PIPE LINE SANTACRUZ (E),400055,2002,Approved By AHO/Commitee,https://raw.githubusercontent.com/mickeykedia/Mumbai-Data/master/nursing_home_licenses_mcgm.csv
Maharashtra,Mumbai Suburban / Mumbai City,Khar/Santacruz,DR. RAEES R QURESHI,Not Listed,L.C.E.H.(HOMOPATEIC),25,"NEAR RAIL WAY STATIO JN.OF 6TH NEHARU ROAD, SANTACURZ (E)",400055,1984,Approved By AHO/Commitee,https://raw.githubusercontent.com/mickeykedia/Mumbai-Data/master/nursing_home_licenses_mcgm.csv
Maharashtra,Mumbai Suburban / Mumbai City,Khar/Santacruz,MR. RAJENDRA MARUTI BORADE,DR. AVINASH  DESAI,M.D.,18,MAHATMA NAGAR 7TH GOLIBAR ROAD SANTACRUZ (E),400055,2004,Approved By AHO/Commitee,https://raw.githubusercontent.com/mickeykedia/Mumbai-Data/master/nursing_home_licenses_mcgm.csv
Maharashtra,Mumbai Suburban / Mumbai City,Khar/Santacruz,DR. C M PUJARI,DR. C M POOJARI,MBBS.MD,10,"NEW SHOPPING CENTER GOVT. COLONY, BANDRA (E)",400051,1988,Approved By AHO/Commitee,https://raw.githubusercontent.com/mickeykedia/Mumbai-Data/master/nursing_home_licenses_mcgm.csv
Maharashtra,Mumbai Suburban / Mumbai City,Khar/Santacruz,DR. VIKRAM N. MEHTA,DR. HEMANT T. MEHATA,"MBBS,MS",8,OLD ANAND NAGAR BESS ROAD SANTACRUZ (E),400055,2003,Approved By AHO/Commitee,https://raw.githubusercontent.com/mickeykedia/Mumbai-Data/master/nursing_home_licenses_mcgm.csv
Maharashtra,Mumbai Suburban / Mumbai City,Khar/Santacruz,DR. DEVIDAS N VADGAONKAR,DR. ANSAMMA  LOKOSE,M.D.,6,"YASHWANT , NEAR KHERWADI SIGNAL BANDRA (E)",400051,2003,Approved By AHO/Commitee,https://raw.githubusercontent.com/mickeykedia/Mumbai-Data/master/nursing_home_licenses_mcgm.csv
Maharashtra,Mumbai Suburban / Mumbai City,Khar/Santacruz,DR. ANUPAM ANANT KARMAKAR,DR. ANUPAM ANANT KARMAKAR,D H M S,120,GANDHI NAGAR - BANDRA (E),400051,1994,Approved By AHO/Commitee,https://raw.githubusercontent.com/mickeykedia/Mumbai-Data/master/nursing_home_licenses_mcgm.csv
Maharashtra,Mumbai Suburban / Mumbai City,Khar/Santacruz,DR. VITTHAL L MANE,DR. V L MANE,MBBS,18,GOVT COLONY HARI MANDIR ROAD BANDRA (E),400051,2003,Approved By AHO/Commitee,https://raw.githubusercontent.com/mickeykedia/Mumbai-Data/master/nursing_home_licenses_mcgm.csv
Maharashtra,Mumbai Suburban / Mumbai City,Khar/Santacruz,MR. TEJASWINI E.JADHAV JOHN P. CARVALHO,DR. JOHN P CARVALHO,M.D.(PEDIATRICIAN) D.C.H.,8,"TIRUPATI APARATMENT, FIRST FLOOR,OPP UNIVERCITY KALINA SANTACRUZ(E)",400098,2002,Approved By AHO/Commitee,https://raw.githubusercontent.com/mickeykedia/Mumbai-Data/master/nursing_home_licenses_mcgm.csv
Maharashtra,Mumbai Suburban / Mumbai City,Khar/Santacruz,DR. K N SINGH,DR. NITIN B RAO,MD.DGO,8,SADASHIV CHS. 6TH ROAD SANTACRUZ (E),400055,1978,Approved By AHO/Commitee,https://raw.githubusercontent.com/mickeykedia/Mumbai-Data/master/nursing_home_licenses_mcgm.csv
Maharashtra,Mumbai Suburban / Mumbai City,Khar/Santacruz,DR. DEVIDAS N VADGAONKAR,Not Listed,"MBBS,MD (GYNAEC)",6,"SAHAJEEVEN HSG.CO-OP SOC.,KHERNAGAR BANDRA (E)",400051,1999,Approved By AHO/Commitee,https://raw.githubusercontent.com/mickeykedia/Mumbai-Data/master/nursing_home_licenses_mcgm.csv
Maharashtra,Mumbai Suburban / Mumbai City,Khar/Santacruz,DR. DEEPAK KANTILAL SHETH,DR. DEEPAK K. SHETH,M.S.,6,SANTACRUZ MENSION NEHRU ROAD SANTACRUZ(E),400055,1995,Approved By AHO/Commitee,https://raw.githubusercontent.com/mickeykedia/Mumbai-Data/master/nursing_home_licenses_mcgm.csv
Maharashtra,Mumbai Suburban / Mumbai City,Khar/Santacruz,MRS. VIDYA GAWRI SURUP SINGH PADVI,DR. ANUPRITA R DUGGAL,"M.D,DGO",25,TEJ BAHADUR SING CHL DATTA MANDIR ROAD SANTACRUZ(E),400055,2002,Approved By AHO/Commitee,https://raw.githubusercontent.com/mickeykedia/Mumbai-Data/master/nursing_home_licenses_mcgm.csv
Maharashtra,Mumbai Suburban / Mumbai City,Khar/Santacruz,DR. BHARAT M TIWARI,DR. SURESH  SAWARDEKAR,MD,20,KALINA VILLAGE CHARCH  ROAD SANTACRUZ(E),400055,2006,Approved By AHO/Commitee,https://raw.githubusercontent.com/mickeykedia/Mumbai-Data/master/nursing_home_licenses_mcgm.csv
Maharashtra,Mumbai Suburban / Mumbai City,Khar/Santacruz,DR. BHAGUNDE KASHINATH SONAPPA,DR. K S BHAGUNDE,MBBS,15,- CSM ROAD SANTACRUZ (E),400055,1986,Approved By AHO/Commitee,https://raw.githubusercontent.com/mickeykedia/Mumbai-Data/master/nursing_home_licenses_mcgm.csv
Maharashtra,Mumbai Suburban / Mumbai City,Khar/Santacruz,DR. MOHAN K RAUT,DR. MOHAN - RAUT,MD.DGO,10,KARLOTON APARTMENT VAKOLA VILLAGE ROAD SANTACRUZ (E),400055,1998,Approved By AHO/Commitee,https://raw.githubusercontent.com/mickeykedia/Mumbai-Data/master/nursing_home_licenses_mcgm.csv
Maharashtra,Mumbai Suburban / Mumbai City,Khar/Santacruz,DR. NIRANJAN UMESH JOSHI,DR. NIRANJAN UMESH JOSHI,MD,30,"KADAM WADI, OPP S.T.ANTHONY STREET SANTACRUZ (E)",400098,2005,Approved By AHO/Commitee,https://raw.githubusercontent.com/mickeykedia/Mumbai-Data/master/nursing_home_licenses_mcgm.csv
Maharashtra,Mumbai Suburban / Mumbai City,Khar/Santacruz,DR. BHARAT RADHAKISHAN AGARWAL,MR. BHARAT R. AGARWAL,"M.D D.C.H.,D.N.B.",15,GANDHI NAGAR - BANDRA (E),400051,1991,Approved By AHO/Commitee,https://raw.githubusercontent.com/mickeykedia/Mumbai-Data/master/nursing_home_licenses_mcgm.csv
Maharashtra,Mumbai Suburban / Mumbai City,Khar/Santacruz,DR. UDAY R SHETTY,DR. PRATIMA B BETAGIRI,MBBS,9,SUNDAR NAGAR CST ROAD SANTACRUZ(E),400098,2006,Approved By AHO/Commitee,https://raw.githubusercontent.com/mickeykedia/Mumbai-Data/master/nursing_home_licenses_mcgm.csv
Maharashtra,Mumbai Suburban / Mumbai City,Khar/Santacruz,DR. NITIN  BALKRISNAN,DR. NITIN  BALKRISNAN,"M.S., D.O.M.S.",4,"CHISTANA APT, KALINA VILLAGE ROAD SANTACRUZ(E)",400029,2003,Approved By AHO/Commitee,https://raw.githubusercontent.com/mickeykedia/Mumbai-Data/master/nursing_home_licenses_mcgm.csv
Maharashtra,Mumbai Suburban / Mumbai City,Khar/Santacruz,DR. CHANDRASHEKHAR RAGHUNATH DOUND,DR. VIKRAM - BADHE,MD,20,"SARVODAYA CHS LTD AMRUT NAGAR ,  KHERWADI, BANDRA (E)",400051,2001,Approved By AHO/Commitee,https://raw.githubusercontent.com/mickeykedia/Mumbai-Data/master/nursing_home_licenses_mcgm.csv
Maharashtra,Mumbai Suburban / Mumbai City,Khar/Santacruz,DR. ARVIND M PANDYA,DR. ARVILND M PANDYA,MD.DGO,5,- NEHARU ROAD SANTACRUZ(E),400055,1976,Payment / Doc received,https://raw.githubusercontent.com/mickeykedia/Mumbai-Data/master/nursing_home_licenses_mcgm.csv
Maharashtra,Mumbai Suburban / Mumbai City,Khar/Santacruz,DR. DEEPAK.RAMANAND.HATTANGADI .DR.SARITA DEEPAK HATTANGADI,MRS. SARITA DEEPAK HATTANGADI,"M.D, DGO.",6,"GOMES CHS 4TH ROAD,TPS III SANTACRUZ (E)",400055,1992,Approved By AHO/Commitee,https://raw.githubusercontent.com/mickeykedia/Mumbai-Data/master/nursing_home_licenses_mcgm.csv
Maharashtra,Mumbai Suburban / Mumbai City,Khar/Santacruz,DR. RAMAKANT - PANDA,DR. RAMAKANT - PANDA,MD,230,OPP ICICI TOWER BANDRA KURAL COMPLEX BANDRA (E),400051,2002,Approved By AHO/Commitee,https://raw.githubusercontent.com/mickeykedia/Mumbai-Data/master/nursing_home_licenses_mcgm.csv
Maharashtra,Mumbai Suburban / Mumbai City,Khar/Santacruz,DR. SATISH PUKHRAJ MUTHA,DR. ARATI B. JAIN,M.B.B.S.,5,ANAND NAGAR NR. VAKOLA POLICE STN SANTACRUZ (E),400055,2002,Approved By AHO/Commitee,https://raw.githubusercontent.com/mickeykedia/Mumbai-Data/master/nursing_home_licenses_mcgm.csv
Maharashtra,Mumbai Suburban / Mumbai City,Khar/Santacruz,DR. ARVIND MUGATLAL PANDYA,DR. ARVIND M. PANDYA,M.D. D.G.O. DFP[CPS],5,"3-4,PUSHPAKYNJ NEHRU ROAD SANTACRUZ ( E )",400055,1976,Approved By AHO/Commitee,https://raw.githubusercontent.com/mickeykedia/Mumbai-Data/master/nursing_home_licenses_mcgm.csv
Maharashtra,Mumbai Suburban / Mumbai City,Khar/Santacruz,MR. ARVIND M. PANDYA,DR. ARVIND  PANDYA,M. D.,5,PUSHPAKUNJ N. H. NEHARU ROAD SANTACRUZ ( E ),400055,1976,Approved By AHO/Commitee,https://raw.githubusercontent.com/mickeykedia/Mumbai-Data/master/nursing_home_licenses_mcgm.csv
Maharashtra,Mumbai Suburban / Mumbai City,Khar/Santacruz,DR. RASHMI VERNON SEQUEIRA,DR. R. V. SEQUERA,"M.B.B.S.,M.D,D.G.O",10,MARYANNE HEIGHTS 3RD RD. SANTACRUZR (E),400055,2012,Scheduled fees received,https://raw.githubusercontent.com/mickeykedia/Mumbai-Data/master/nursing_home_licenses_mcgm.csv
Maharashtra,Mumbai Suburban / Mumbai City,Dahisar,DR. ANAND P. MAHAMBARE,DR. ANAND P. MAHAMBARE,M.D. D.E.H.,14,"A-5,A-6,B-6, GR.FLR.,SAIMANDIR BLDG., DAHISAR (E)",400068,1986,Approved By AHO/Commitee,https://raw.githubusercontent.com/mickeykedia/Mumbai-Data/master/nursing_home_licenses_mcgm.csv
Maharashtra,Mumbai Suburban / Mumbai City,Dahisar,SMT. DARSHINI A GANDHI,DR. SANJAY . KUMAR,MBBS,15,"CHANDRA APT., MANDPESHWAR RD., BORIVALI (W)",400103,1995,Approved By AHO/Commitee,https://raw.githubusercontent.com/mickeykedia/Mumbai-Data/master/nursing_home_licenses_mcgm.csv
Maharashtra,Mumbai Suburban / Mumbai City,Dahisar,DR. HRIDAYNARAYAN B. MISHRA,MRS. RESHMA S. SAWANT,H.SC.,12,"DHANWANTARY HOSPITAL RAWAL PADA, S.N. DUBEY RD. OPP. FISH MAR DAHISAR/E",400068,2001,Payment / Doc received,https://raw.githubusercontent.com/mickeykedia/Mumbai-Data/master/nursing_home_licenses_mcgm.csv
Maharashtra,Mumbai Suburban / Mumbai City,Dahisar,DR. KAUSTUBH D. KULKARNI /DR. RAVINDRA B. BAGWE,DR. KAUSTUBH DIGAMBAR KULKARNI,"MD, DGO, FCPS, DNBE.",10,"SAI ASHISH II, SAVARKAR NGR. SANT DNYANESHWAR MARG, BORIVALI/E",400066,1995,Approved By AHO/Commitee,https://raw.githubusercontent.com/mickeykedia/Mumbai-Data/master/nursing_home_licenses_mcgm.csv
Maharashtra,Mumbai Suburban / Mumbai City,Dahisar,MRS. DR ANITA  MAYEKAR,Not Listed,M B B S,6,umang society RUKSHAN NAGAR BORIVILI EAST,400068,1992,Payment / Doc received,https://raw.githubusercontent.com/mickeykedia/Mumbai-Data/master/nursing_home_licenses_mcgm.csv
Maharashtra,Mumbai Suburban / Mumbai City,Dahisar,MR. DR RADHESHYAM  CHAUBE,MR. DR RADHESHYAM  SHAUBE,"MD,DGO,DFP,MCPS.",10,"SHALIMAR BLDG, NAVYUG NAGAR DAHISAR EAST",400068,1999,Payment / Doc received,https://raw.githubusercontent.com/mickeykedia/Mumbai-Data/master/nursing_home_licenses_mcgm.csv
Maharashtra,Mumbai Suburban / Mumbai City,Dahisar,MR. JAGANNATH PRASAD R. YADAV,MS. DIPTI MORE,DIPLOMA IN NURSE,15,"OM SHIV DHAM APT. &amp;amp;#39;B&amp;amp;#39; WING, GR. FLR. S.P. RD. DAHISAR/E",400068,2001,Approved By AHO/Commitee,https://raw.githubusercontent.com/mickeykedia/Mumbai-Data/master/nursing_home_licenses_mcgm.csv
Maharashtra,Mumbai Suburban / Mumbai City,Dahisar,DR. MULGAONKAR ASHOK ATMARAM,DR. A. A. MULGAONKAR,"MD., DGO, DFP",40,"MANGIRISH, RAMKUNWAR THAKUR RD. DAHISAR/E",400068,1990,Approved By AHO/Commitee,https://raw.githubusercontent.com/mickeykedia/Mumbai-Data/master/nursing_home_licenses_mcgm.csv
Maharashtra,Mumbai Suburban / Mumbai City,Dahisar,MR. VINODKUMAR T SAKHRANI,Not Listed,MD DCH,8,PANORAMA PARK shivallabh road DAHISAR EAST,400068,2000,Approved By AHO/Commitee,https://raw.githubusercontent.com/mickeykedia/Mumbai-Data/master/nursing_home_licenses_mcgm.csv
Maharashtra,Mumbai Suburban / Mumbai City,Dahisar,DR. HIMANSHU H. DESAI,Not Listed,M.D. (GYN. &amp;amp;amp;amp;am,12,"GREENWAY SOC. RATAN NAGAR, DAHISAR/E",400068,1995,Payment / Doc received,https://raw.githubusercontent.com/mickeykedia/Mumbai-Data/master/nursing_home_licenses_mcgm.csv
Maharashtra,Mumbai Suburban / Mumbai City,Dahisar,DR. RAJAN RADHAKRISHNA KORGAONKAR,DR. RAJAN . KORGAONKAR,M.S. (ORTHO),16,"SAI MANDIR, S.V. RD. DAHISAR/E",400068,1994,Approved By AHO/Commitee,https://raw.githubusercontent.com/mickeykedia/Mumbai-Data/master/nursing_home_licenses_mcgm.csv
Maharashtra,Mumbai Suburban / Mumbai City,Dahisar,MRS. HEMA MADHAV WELING,DR. PRASHANT MADHAV WELING,M.S. (ORTHO) D.N.B. D. ORTHA,15,KAUSTUBH PARK CHS. LTD. S.V.P. RD. BORIVALI/W,400103,1998,Approved By AHO/Commitee,https://raw.githubusercontent.com/mickeykedia/Mumbai-Data/master/nursing_home_licenses_mcgm.csv
Maharashtra,Mumbai Suburban / Mumbai City,Dahisar,DR. KIRAN LAXMAN SHINDE,DR. KIRAN L. SHINDE,M.D. D.G.O. F.C.P.S. D.I.C.O.P,16,"HARSH APT. A/5, ANAND NAGAR, OFF C.S. RD. DAHISAR/E",400068,1999,Approved By AHO/Commitee,https://raw.githubusercontent.com/mickeykedia/Mumbai-Data/master/nursing_home_licenses_mcgm.csv
Maharashtra,Mumbai Suburban / Mumbai City,Dahisar,DR. SANJEEVANI SURYAKANT PAWAR,DR. HITESH  GUPTA,M.D,9,"SAI SHAKTI NAGAR BLDG. NO. 1, OVARI PADA, OFF W.E. HIGHWA DAHISAR/E",400068,1997,Scheduled fees received,https://raw.githubusercontent.com/mickeykedia/Mumbai-Data/master/nursing_home_licenses_mcgm.csv
Maharashtra,Mumbai Suburban / Mumbai City,Dahisar,DR. RAMNATH RAMASWAMY AIYER,DR. RAMNATH RAMASWAMY AIYER,M.D. D.CH.,6,"GR. FLR. COSMOS GARDENS, S.V.P. RD. BORIVALI/W",400103,1995,Payment / Doc received,https://raw.githubusercontent.com/mickeykedia/Mumbai-Data/master/nursing_home_licenses_mcgm.csv
Maharashtra,Mumbai Suburban / Mumbai City,Dahisar,DR. ANKUSH KASHINATH PATIL,DR. ANKUSH KASHINATH PATIL,M.S. ORTHOPAEDICS,9,"NANDDHAM BHAUSAHEB PARAB RD. KANDAR PADA, DAHISAR/W",400068,1984,Payment / Doc received,https://raw.githubusercontent.com/mickeykedia/Mumbai-Data/master/nursing_home_licenses_mcgm.csv
Maharashtra,Mumbai Suburban / Mumbai City,Dahisar,DR. GHANSHYAM MUKUND VAISHYA,DR. JIGAR P BHATT,"MBBS,MD MED",19,CHAMUNDA APPARTMENT SANGODKAR NAGAR RAVALPADA,400068,2011,Approved By AHO/Commitee,https://raw.githubusercontent.com/mickeykedia/Mumbai-Data/master/nursing_home_licenses_mcgm.csv
Maharashtra,Mumbai Suburban / Mumbai City,Malad,DR. SANJIV V. DUA,DR. SANJIV V. DUA,M.S.,17,AHISH BLDG. RAHEJA TOWN SHIP RANI SATI MARG MALAD [EAST],400097,1998,Approved By AHO/Commitee,https://raw.githubusercontent.com/mickeykedia/Mumbai-Data/master/nursing_home_licenses_mcgm.csv
Maharashtra,Mumbai Suburban / Mumbai City,Malad,DR. BITEN DAMODAR GARIBA,DR. DITEN D GARIBA,M.B.B.S D.G.O.,18,DIVYA TRUSHA MAMLEDAR WADI ROAD MALAD [WEST],400064,1994,Approved By AHO/Commitee,https://raw.githubusercontent.com/mickeykedia/Mumbai-Data/master/nursing_home_licenses_mcgm.csv
Maharashtra,Mumbai Suburban / Mumbai City,Malad,DR. BHARAT TRYAMBAK MAHALE,DR. BHARAT MAHALE,LCEH,20,FIRST FLOOR A AND B WING ROSE APPT. BEHIND NEELAM STUDIO MAL MALAD [WEST],400095,2008,Scheduled fees received,https://raw.githubusercontent.com/mickeykedia/Mumbai-Data/master/nursing_home_licenses_mcgm.csv
Maharashtra,Mumbai Suburban / Mumbai City,Malad,DR. PRANAV S KABARA,DR. PANKAJ DAYARAM SINGH,BAMS,31,"UNIT NO 5,6,7,8 ASMITA JYOTI BUILDING MARVE MARVE ROAD",400095,2013,Scheduled fees received,https://raw.githubusercontent.com/mickeykedia/Mumbai-Data/master/nursing_home_licenses_mcgm.csv
Maharashtra,Mumbai Suburban / Mumbai City,Malad,DR. RAJSHREE RAJESH MURUDKAR,MRS. PARNALI  PATIL,GNM.,15,"SUKHSAGAR MAHAL CHS, LTD BACHAINI NAGAR ROAD MALAD [EAST]",400097,2015,Scheduled fees received,https://raw.githubusercontent.com/mickeykedia/Mumbai-Data/master/nursing_home_licenses_mcgm.csv
Maharashtra,Mumbai Suburban / Mumbai City,Malad,DR. CHIRAG - SHAH,DR. CHIRAG - SHAH,MBBS,9,"AND 102, B-WING MILANSAR CO.OP.SOC.LTD. MALAD [WEST]",400064,2014,Scheduled fees received,https://raw.githubusercontent.com/mickeykedia/Mumbai-Data/master/nursing_home_licenses_mcgm.csv
Maharashtra,Mumbai Suburban / Mumbai City,Malad,DR. SANGEETA CHANDRAMOHAN HOLAMBE,DR. CHANDRAMOHAN  HOLAMBE,BAMS,50,"SHAH ARCADE BUILDING NO.3, RANI SATI MARG MALAD EAST",400097,2016,Scheduled fees received,https://raw.githubusercontent.com/mickeykedia/Mumbai-Data/master/nursing_home_licenses_mcgm.csv
Maharashtra,Mumbai Suburban / Mumbai City,Dadar/Plaza,M/S NATIONAL HEALTH AND EDUCATION SOCIETY,Not Listed,-,337,HINDUJA NATINAL HOSP VEER SAVARKAR MARG MAHIM,400016,1974,Approved By AHO/Commitee,https://raw.githubusercontent.com/mickeykedia/Mumbai-Data/master/nursing_home_licenses_mcgm.csv
Maharashtra,Mumbai Suburban / Mumbai City,Dadar/Plaza,MR. SHOUKAT ALI SHAIKH,MRS. SAJIDA I. ANSARI,MAHARASTA NURSING HOME,8,NATALWALA  BLDG. CADELL RD MAHIM,400016,1994,Payment / Doc received,https://raw.githubusercontent.com/mickeykedia/Mumbai-Data/master/nursing_home_licenses_mcgm.csv
Maharashtra,Mumbai Suburban / Mumbai City,Dadar/Plaza,DR. NIRMALA - SHRIDHAR,Not Listed,M.B.B.S.,10,"VIVEKANAND SOCIETY 90 FEET RD, 1ST FLOOR DHARAVI",400017,2006,Payment / Doc received,https://raw.githubusercontent.com/mickeykedia/Mumbai-Data/master/nursing_home_licenses_mcgm.csv
Maharashtra,Mumbai Suburban / Mumbai City,Dadar/Plaza,DR. NARENDRAKUMAR K. JAIN,MR. K. K. JAIN,M.B.B.S,3,UNITY SHIVAJI PARK RD. NO.5 MAHIM,400016,1975,Approved By AHO/Commitee,https://raw.githubusercontent.com/mickeykedia/Mumbai-Data/master/nursing_home_licenses_mcgm.csv
Maharashtra,Mumbai Suburban / Mumbai City,Dadar/Plaza,DR. SHRIKANT J. PURANDARE,DR. AJITA  MANDLEKAR,M.S,17,SHIVAJI PARK DR M B RAUT ROAD DADAR,400028,1974,Approved By AHO/Commitee,https://raw.githubusercontent.com/mickeykedia/Mumbai-Data/master/nursing_home_licenses_mcgm.csv
Maharashtra,Mumbai Suburban / Mumbai City,Dadar/Plaza,DR. KUMUDINI M. INGLE,Not Listed,M.D. D.G.O.D.F.P.,11,"DHURU WADI VEER SAVARKAR MARG, DADAR",400028,1974,Approved By AHO/Commitee,https://raw.githubusercontent.com/mickeykedia/Mumbai-Data/master/nursing_home_licenses_mcgm.csv
Maharashtra,Mumbai Suburban / Mumbai City,Dadar/Plaza,DR. SATISH SHRADHANAND THAKUR,DR. SATISH S. THAKUR,M.D. D.G.O. FICS/ FCPS/,15,FLOOR VIDYA BHUVAN SHIVAJI PARK DADAR WEST,400028,1974,Approved By AHO/Commitee,https://raw.githubusercontent.com/mickeykedia/Mumbai-Data/master/nursing_home_licenses_mcgm.csv
Maharashtra,Mumbai Suburban / Mumbai City,Dadar/Plaza,DR. SUHAS SONALAL SHAH,Not Listed,M.B.B.S. M.S. FAIS.,7,Gr. FLOOR GANESH APT L.J.RD. OPP. SITALADEVI TEMPLE MAHIM,400016,2000,Approved By AHO/Commitee,https://raw.githubusercontent.com/mickeykedia/Mumbai-Data/master/nursing_home_licenses_mcgm.csv
Maharashtra,Mumbai Suburban / Mumbai City,Dadar/Plaza,DR. SURJEET KAUR BAVA,Not Listed,B.A.M.S.,16,"NEHRU NAGAR CO.OP.HO 90 FEET RD, DHARAVI",400017,2005,Approved By AHO/Commitee,https://raw.githubusercontent.com/mickeykedia/Mumbai-Data/master/nursing_home_licenses_mcgm.csv
Maharashtra,Mumbai Suburban / Mumbai City,Dadar/Plaza,DR. ANIL SHRIPAD PHADKE,DR. ANIL SHRIPAD PHADKE,"MBBS, M.D., D.G.O.",8,VAIBHAV APARTMENT DHARAVI MAIN ROAD MAHIM (E),400017,1995,Payment / Doc received,https://raw.githubusercontent.com/mickeykedia/Mumbai-Data/master/nursing_home_licenses_mcgm.csv
Maharashtra,Mumbai Suburban / Mumbai City,Dadar/Plaza,DR. SATISH PRABHAKAR MASAVKAR,DR. SATISH P. MASAVKAR,M.D.,11,RAJGIR SADAN OPP.SION RAILWAY STATION DHARAVI,400017,2005,Approved By AHO/Commitee,https://raw.githubusercontent.com/mickeykedia/Mumbai-Data/master/nursing_home_licenses_mcgm.csv
Maharashtra,Mumbai Suburban / Mumbai City,Dadar/Plaza,DR. HIMANSU AJAY PENDSE,Not Listed,M.D. D.C.H.,16,RAM MANSION S.K.BOLE RD. PRABHADEVI,400028,1993,Approved By AHO/Commitee,https://raw.githubusercontent.com/mickeykedia/Mumbai-Data/master/nursing_home_licenses_mcgm.csv
Maharashtra,Mumbai Suburban / Mumbai City,Dadar/Plaza,DR. ANAND S. UTTURE,MRS. SADHANA S. TAPARE,GENERAL NURSING,1,DINATH BLDG. L.J.RD. MAHIM,400016,1981,Payment / Doc received,https://raw.githubusercontent.com/mickeykedia/Mumbai-Data/master/nursing_home_licenses_mcgm.csv
Maharashtra,Mumbai Suburban / Mumbai City,Dadar/Plaza,DR. MUKHTAR AHMED ANSARI,DR. KHYATI P YADAV,"MBBS, DGO, CPS-DGO FCPS (MUM)",5,NEW NEHRU NAGAR SOC. 90 FEET ROAD DHARAVI,400017,2010,Approved By AHO/Commitee,https://raw.githubusercontent.com/mickeykedia/Mumbai-Data/master/nursing_home_licenses_mcgm.csv
Maharashtra,Mumbai Suburban / Mumbai City,Parel,DR. SUNIL R VAZE,DR. SUNIL RAGHUANTH VAZE,M.S.,8,DR VAZE NURSING HOME NANABHAI COURT DR AMBEDKAR ROAD,400014,2006,Approved By AHO/Commitee,https://raw.githubusercontent.com/mickeykedia/Mumbai-Data/master/nursing_home_licenses_mcgm.csv
Maharashtra,Mumbai Suburban / Mumbai City,Parel,DR. HEMLATA ACHYUT GADRE,DR. SHOBHANA BHALCHANDRA GODBOLE,M.D. D.G.O,10,COMRADE CHAMBERS GOVINDJI KENI ROAD DADAR,400012,2006,Approved By AHO/Commitee,https://raw.githubusercontent.com/mickeykedia/Mumbai-Data/master/nursing_home_licenses_mcgm.csv
Maharashtra,Mumbai Suburban / Mumbai City,Parel,DR. SANJAY D GALA,MS. SANJAY DHANJI GALA,M.S.,12,JAVALKAR MANSION DR. AMBEDKAR RD. PAREL,400012,2006,Approved By AHO/Commitee,https://raw.githubusercontent.com/mickeykedia/Mumbai-Data/master/nursing_home_licenses_mcgm.csv
Maharashtra,Mumbai Suburban / Mumbai City,Parel,DR. VIKRAM S SHAH,DR. ASHVINI BALAGI HENGHNE,"MBBS, DGO",6,RUPAL APT DADASAHEB PHALKE RD DADAR (E),400014,2006,Payment / Doc received,https://raw.githubusercontent.com/mickeykedia/Mumbai-Data/master/nursing_home_licenses_mcgm.csv
Maharashtra,Mumbai Suburban / Mumbai City,Parel,DR. NIMESH DINESH SHAH,DR. NIMESH D SHAH,MS,26,SANJEEVANEE JYOTIBA PHULE RD NAIGAON,400014,2006,Approved By AHO/Commitee,https://raw.githubusercontent.com/mickeykedia/Mumbai-Data/master/nursing_home_licenses_mcgm.csv
Maharashtra,Mumbai Suburban / Mumbai City,Parel,DR. KAUSHALYA T MISTRY,Not Listed,"MBBS(MUM),MRCO(LON)",5,200 DR AMBEDKAR ROAD DADAR (E),400014,2005,Approved By AHO/Commitee,https://raw.githubusercontent.com/mickeykedia/Mumbai-Data/master/nursing_home_licenses_mcgm.csv
Maharashtra,Mumbai Suburban / Mumbai City,Parel,DR. AMAR BHIMRAO PATIL,Not Listed,FRCOG(LON),13,"GR FLR, NARMADA NIWA PARMAR GURUJI RD, AAI MAI MERWANJI STREE PAREL",400012,2006,Payment / Doc received,https://raw.githubusercontent.com/mickeykedia/Mumbai-Data/master/nursing_home_licenses_mcgm.csv
Maharashtra,Mumbai Suburban / Mumbai City,Parel,M/S K.B.H.B. CHARITABLE OPHTHALMIC E.N.T. HOSPITAL,DR. CHANDRASEKHAR . .,M.S. (OPTHAL.) SOME,45,K.B.H.B. CHA. OPTH. 58/60.J.M. STREET PAREL,400012,2006,Approved By AHO/Commitee,https://raw.githubusercontent.com/mickeykedia/Mumbai-Data/master/nursing_home_licenses_mcgm.csv
Maharashtra,Mumbai Suburban / Mumbai City,Parel,MR. SHARIF HABIB VARALIYA,Not Listed,DOCTOR,20,EBRAHIM KHAN DOSHI MOHD BLDG SEWREE,400015,2007,Approved By AHO/Commitee,https://raw.githubusercontent.com/mickeykedia/Mumbai-Data/master/nursing_home_licenses_mcgm.csv
Maharashtra,Mumbai Suburban / Mumbai City,Parel,MR. HUKUMSING B. RAJPUROHIT,Not Listed,OWNER,17,ROYAL GARDEN G.D.AMBEKAR AMBEWADI,400033,2006,Approved By AHO/Commitee,https://raw.githubusercontent.com/mickeykedia/Mumbai-Data/master/nursing_home_licenses_mcgm.csv
Maharashtra,Mumbai Suburban / Mumbai City,Parel,DR. MONISH S BABARE,DR. MONISH S BABARE,MBBS . DMRE. D.H.,20,. AAI MAI MERWANJI STREET PAREL,400012,2005,Approved By AHO/Commitee,https://raw.githubusercontent.com/mickeykedia/Mumbai-Data/master/nursing_home_licenses_mcgm.csv
Maharashtra,Mumbai Suburban / Mumbai City,Parel,MR. SARDAR SHAHVALI KHAN,MS. KURIAN . JACOB,B S C,15,PLOT NO-34 SEWRI CROSS ROAD OPP-PAKIZ HOTEL SEWRI,400015,2005,Approved By AHO/Commitee,https://raw.githubusercontent.com/mickeykedia/Mumbai-Data/master/nursing_home_licenses_mcgm.csv
Maharashtra,Mumbai Suburban / Mumbai City,Parel,DR. PRAFUL RAMDAS SHANBHAG,MRS. PRAFUL RAMDAS SHANBHAG,MBBS M D DCH,6,DR NADKARNI HOSP BLD 7 AAI MAI MERWANJI RD PAREL,400012,1999,Approved By AHO/Commitee,https://raw.githubusercontent.com/mickeykedia/Mumbai-Data/master/nursing_home_licenses_mcgm.csv
Maharashtra,Mumbai Suburban / Mumbai City,Parel,MR. AMRESH M JAIN,DR. AMRESH MAYACHAND JAIN,MBBS,17,ROYAL GARDEN G D AMBEKAR KALACHOWKY,400033,2009,Scheduled fees received,https://raw.githubusercontent.com/mickeykedia/Mumbai-Data/master/nursing_home_licenses_mcgm.csv
Maharashtra,Mumbai Suburban / Mumbai City,Parel,DR. MONISH S. BABRE,DR. ASIT MADHUKAR GORE,M.S.(GEN.SURGEON),15,RAKHUMABAI MAT.AND SUR.HOSP. PAREL,400012,2005,Approved By AHO/Commitee,https://raw.githubusercontent.com/mickeykedia/Mumbai-Data/master/nursing_home_licenses_mcgm.csv
Maharashtra,Mumbai Suburban / Mumbai City,Marine Lines,DR. SAROJINI DHUNDIRAJ DAMLE,DR. SANJAY DHUNDIRAJ DAMLE,MBBS DGO DNB,10,HAROON BLDG. PRICESS STREET MARINESTREET,400002,2007,Approved By AHO/Commitee,https://raw.githubusercontent.com/mickeykedia/Mumbai-Data/master/nursing_home_licenses_mcgm.csv
Maharashtra,Mumbai Suburban / Mumbai City,Marine Lines,MR. RAJENDRA GOVINDRAM MITTAL,DR. MANISH MADHUKAR SAWANT,B.A.M.S.MD (AYURVED),152,A P S B R G SHARMA CHOWK N S ROAD,400002,2007,Payment / Doc received,https://raw.githubusercontent.com/mickeykedia/Mumbai-Data/master/nursing_home_licenses_mcgm.csv
Maharashtra,Mumbai Suburban / Mumbai City,Marine Lines,DR. J P SHARMA,DR. P J MEHTA,MD,92,D S KOTHARI HOSP C P TANK C P TANK,400004,2008,Approved By AHO/Commitee,https://raw.githubusercontent.com/mickeykedia/Mumbai-Data/master/nursing_home_licenses_mcgm.csv
Maharashtra,Mumbai Suburban / Mumbai City,Marine Lines,DR. RAHUL ASHOK SHROFF,DR. RAHUL ASHOK SHROFF,M.S (OPHTH) FMRF,10,GOBIND MAHAL 86-B MARINE DRIVE,400002,2008,Payment / Doc received,https://raw.githubusercontent.com/mickeykedia/Mumbai-Data/master/nursing_home_licenses_mcgm.csv
Maharashtra,Mumbai Suburban / Mumbai City,Sandhurst Road,MRS. MAIMOONA E BENGALI,MRS. ALEYAMMA . KOSHY,PRIVATE NURSING,35,58 MOHAMMED ALI ROAD .,400003,1974,Approved By AHO/Commitee,https://raw.githubusercontent.com/mickeykedia/Mumbai-Data/master/nursing_home_licenses_mcgm.csv
Maharashtra,Mumbai Suburban / Mumbai City,Kurla,DR. SITARAM SAKHARAM BHAKARE,DR. SITARAM SAKHARAM BHAKARE,M D,25,OPP. SHEETAL TALKIES LBS MARG KURLA W,400070,1991,Approved By AHO/Commitee,https://raw.githubusercontent.com/mickeykedia/Mumbai-Data/master/nursing_home_licenses_mcgm.csv
Maharashtra,Mumbai Suburban / Mumbai City,Kurla,DR. ASHOK NATWARLAL VACCHARAHANI,MRS. SHASHIKALA MADHUKAR PATIL,NURSE,12,AS ABOVE . .,400070,1992,Approved By AHO/Commitee,https://raw.githubusercontent.com/mickeykedia/Mumbai-Data/master/nursing_home_licenses_mcgm.csv
Maharashtra,Mumbai Suburban / Mumbai City,Kurla,DR. ANJALI RAGHUNATH TALWALKAR,DR. VINAY ARVIND MALAVADE,M.D.,6,"D&#39;SOUZA CHL KAJUPADA, PIPELINE KURLA(W)",400072,1993,Approved By AHO/Commitee,https://raw.githubusercontent.com/mickeykedia/Mumbai-Data/master/nursing_home_licenses_mcgm.csv
Maharashtra,Mumbai Suburban / Mumbai City,Kurla,MRS. SUSHMA DNAYANESHWAR MAHAJAN,DR. DNYANESHWAR NAMDEO MAHAJAN,BAMS,12,VELANKAR BLDG KAMANI KURLA W,400070,1995,Approved By AHO/Commitee,https://raw.githubusercontent.com/mickeykedia/Mumbai-Data/master/nursing_home_licenses_mcgm.csv
Maharashtra,Mumbai Suburban / Mumbai City,Kurla,MRS. KUSUM ARUN GANGURDE,Not Listed,HSC,5,D&amp;#39;SOUZA NAGA 90 FT RD SAKINAKA,400072,1992,Approved By AHO/Commitee,https://raw.githubusercontent.com/mickeykedia/Mumbai-Data/master/nursing_home_licenses_mcgm.csv
Maharashtra,Mumbai Suburban / Mumbai City,Kurla,DR. BHAWNA KAMLESH MISTRY,Not Listed,MD,9,DOSTI ENCLAVE D&amp;#39;SOUZA NAGAR SAKINAKA,400072,1998,Approved By AHO/Commitee,https://raw.githubusercontent.com/mickeykedia/Mumbai-Data/master/nursing_home_licenses_mcgm.csv
Maharashtra,Mumbai Suburban / Mumbai City,Kurla,DR. SHASHANK S DHURI,DR. RHISHIKESH A BABAR,M D,8,"A 7,8,9 GEETA BHAVAN SAKINAKA",400072,1982,Approved By AHO/Commitee,https://raw.githubusercontent.com/mickeykedia/Mumbai-Data/master/nursing_home_licenses_mcgm.csv
Maharashtra,Mumbai Suburban / Mumbai City,Kurla,DR. ARSHAD S. KHAN,DR. ARSHAD SAEED KHAN,MS (BOM),9,PINKY APT. 1 ST FLR. S G BRVE MARG,400070,1993,Approved By AHO/Commitee,https://raw.githubusercontent.com/mickeykedia/Mumbai-Data/master/nursing_home_licenses_mcgm.csv
Maharashtra,Mumbai Suburban / Mumbai City,Kurla,DR. SAROJINI JOSHI,DR. SAROJINI S JOSHI,"MD,DGO",6,"SHOP 2 , 3 SITARAM KUNJ SAKINAKA",400072,1995,Approved By AHO/Commitee,https://raw.githubusercontent.com/mickeykedia/Mumbai-Data/master/nursing_home_licenses_mcgm.csv
Maharashtra,Mumbai Suburban / Mumbai City,Kurla,DR. SAVITA D PAWAR,MS. ANITA * PAWAR,DIPLOMA . NURSING HOME.,15,C WING AKANSHA V N PAWAR MARG CHUNABHATTI [E],400022,2003,Approved By AHO/Commitee,https://raw.githubusercontent.com/mickeykedia/Mumbai-Data/master/nursing_home_licenses_mcgm.csv
Maharashtra,Mumbai Suburban / Mumbai City,Kurla,MR. MOHD HASAN KHAN,DR. RAVI S DUBEY,M B B S,54,SAGAR PALACE SONAPUR LANE KURLA,400070,2004,Payment / Doc received,https://raw.githubusercontent.com/mickeykedia/Mumbai-Data/master/nursing_home_licenses_mcgm.csv
Maharashtra,Mumbai Suburban / Mumbai City,Kurla,DR. SAJID ALI S KHAN,Not Listed,M.B.B.S. D P M,35,RADHABAI NIWAS L B S MARG KURLA [W],400070,2003,Approved By AHO/Commitee,https://raw.githubusercontent.com/mickeykedia/Mumbai-Data/master/nursing_home_licenses_mcgm.csv
Maharashtra,Mumbai Suburban / Mumbai City,Kurla,DR. BHAVNA SUHAS KUCHERIA,MRS. SHOBHA GURUDAS PARAB,DIPLOMA IN NURSING,11,"RAM-ZAROKHA CO -OP ,HSG. SOCIETY J M ROAD GHATKOPAR [W]",400086,1999,Approved By AHO/Commitee,https://raw.githubusercontent.com/mickeykedia/Mumbai-Data/master/nursing_home_licenses_mcgm.csv
Maharashtra,Mumbai Suburban / Mumbai City,Kurla,DR. SAMIR * BORADIA,DR. SAMIR H BORADIA,M.B.B.S. ORTHO,20,RUBY MONARCH ARCADE CO OP SOCIETY SAKI VIHAR ROAD SAKINAKA,400072,2004,Approved By AHO/Commitee,https://raw.githubusercontent.com/mickeykedia/Mumbai-Data/master/nursing_home_licenses_mcgm.csv
Maharashtra,Mumbai Suburban / Mumbai City,Kurla,DR. P P POL,MRS. SHAILEJA S SAWANT,DIPLOMA IN GEN NURSING,15,, ,2002,Approved By AHO/Commitee,https://raw.githubusercontent.com/mickeykedia/Mumbai-Data/master/nursing_home_licenses_mcgm.csv
Maharashtra,Mumbai Suburban / Mumbai City,Kurla,DR. NIVEDITA * BAKSHI,DR. NIVEDITA P BAKSHI,M.B.B.S. M.D.[gyna],12,SHARADA NURSING HOME SONAPUR LANE KURLA [W],400072,1993,Approved By AHO/Commitee,https://raw.githubusercontent.com/mickeykedia/Mumbai-Data/master/nursing_home_licenses_mcgm.csv
Maharashtra,Mumbai Suburban / Mumbai City,Kurla,DR. BHAVIN K DESAI,MRS. GEETA * PRAJAPATI,GEN NURSING &amp;amp;amp;amp;a,6,SHIVDHARA OPP ANJUMAN ISLAM SCHOOL KURLA [W],400070,1995,Approved By AHO/Commitee,https://raw.githubusercontent.com/mickeykedia/Mumbai-Data/master/nursing_home_licenses_mcgm.csv
Maharashtra,Mumbai Suburban / Mumbai City,Kurla,MR. P P POL,Not Listed,"M.B.B.S. D C N ,M D.[ped]",13,SAPNA COMPLEX S G BARVE MARG K URLA [W],400070,2002,Payment / Doc received,https://raw.githubusercontent.com/mickeykedia/Mumbai-Data/master/nursing_home_licenses_mcgm.csv
Maharashtra,Mumbai Suburban / Mumbai City,Kurla,MS. MIRA JAGDISH RAISINGHANEY,MS. MIRA JAGDISH RAISINGHANEY,"M.D,D G O D, D F F",5,GURU-SEVAK CO-OP HOS C S T ROAD KURLA [W],400070,1998,Scheduled fees received,https://raw.githubusercontent.com/mickeykedia/Mumbai-Data/master/nursing_home_licenses_mcgm.csv
Maharashtra,Mumbai Suburban / Mumbai City,Kurla,DR. MOHOMAD HUSSAIN AGA,Not Listed,"M.B.B.S.,M.S,[GEN.SURGEN]",12,KASAM APARTMENT ANNA SAGAR MARG KURLA [W],400072,1988,Approved By AHO/Commitee,https://raw.githubusercontent.com/mickeykedia/Mumbai-Data/master/nursing_home_licenses_mcgm.csv
Maharashtra,Mumbai Suburban / Mumbai City,Kurla,DR. SINDHU TUKARAM KAMBLE,Not Listed,"M.D.,D.G.O.",7,SHAMA APARTMENT SHAMSUDDIN NAGAR KURLA [W],400072,1988,Payment / Doc received,https://raw.githubusercontent.com/mickeykedia/Mumbai-Data/master/nursing_home_licenses_mcgm.csv
Maharashtra,Mumbai Suburban / Mumbai City,Kurla,DR. ABHAY RAJGOPAL JOSHI,MRS. RAZIYA BANU ANWAR HUSAIN,DIPLOMA . NURSING HOME.,15,TRADE CORNER PRAMISE SAKI VIHAR ROAD KURLA [W],400072,1994,Scheduled fees received,https://raw.githubusercontent.com/mickeykedia/Mumbai-Data/master/nursing_home_licenses_mcgm.csv
Maharashtra,Mumbai Suburban / Mumbai City,Kurla,DR. AJAYKUMAR N SHAH,M/S JYOTI K RAHATE,DIPLOMA,8,AMARCHAND BILDING L B S ROAD KURLA [W],400070,2005,Approved By AHO/Commitee,https://raw.githubusercontent.com/mickeykedia/Mumbai-Data/master/nursing_home_licenses_mcgm.csv
Maharashtra,Mumbai Suburban / Mumbai City,Kurla,MR. IMRAN AHMED SIDDIQUI,MS. SAVITA R PHALKE,DIPLOMA,18,SWASTIK CHEMBARS PIPE ROAD KURLA [W],400070,2007,Payment / Doc received,https://raw.githubusercontent.com/mickeykedia/Mumbai-Data/master/nursing_home_licenses_mcgm.csv
Maharashtra,Mumbai Suburban / Mumbai City,Kurla,DR. SHAMSHAD AHMED SADRUDDIN,MRS. SUMAN PRAKASH SARSE,DIPLOMA,35,ARPAN GENRAL HOSPITA C S T ROAD KURLA,400070,1987,Approved By AHO/Commitee,https://raw.githubusercontent.com/mickeykedia/Mumbai-Data/master/nursing_home_licenses_mcgm.csv
Maharashtra,Mumbai Suburban / Mumbai City,Kurla,DR. SANTOSH MARUTI SHINDE,DR. SANTOSH M SHINDE,MBBS FCPS,5,SHETAL SHARDAGRAM V N PURAV MARG CHUNABHATTI SION,400022,1989,Approved By AHO/Commitee,https://raw.githubusercontent.com/mickeykedia/Mumbai-Data/master/nursing_home_licenses_mcgm.csv
Maharashtra,Mumbai Suburban / Mumbai City,Kurla,MR. KUSUM YASWANT MORE,Not Listed,"MBBS , DGO",15,NEHRU NAGAR OPP- BLDG.NO - 187 KURLA [E],400024,1974,Approved By AHO/Commitee,https://raw.githubusercontent.com/mickeykedia/Mumbai-Data/master/nursing_home_licenses_mcgm.csv
Maharashtra,Mumbai Suburban / Mumbai City,Kurla,MR. MOHD.AMEEN MOHD.YUSUF KITEKAR,Not Listed,"MBBS , DCH , MD",16,DWARKA PURI CO-OP HSG.SOC. KURLA [W],400070,2004,Approved By AHO/Commitee,https://raw.githubusercontent.com/mickeykedia/Mumbai-Data/master/nursing_home_licenses_mcgm.csv
Maharashtra,Mumbai Suburban / Mumbai City,Kurla,DR. DEVKARAN S SONAGRA,Not Listed,MD.DCH.,24,RUBY MONARCH BLDG. SAKIVIHAR ROAD SAKINAKA,400072,2001,Approved By AHO/Commitee,https://raw.githubusercontent.com/mickeykedia/Mumbai-Data/master/nursing_home_licenses_mcgm.csv
Maharashtra,Mumbai Suburban / Mumbai City,Kurla,DR. JYOTI ANIL KHOT,MR. SHARMILA  SHENDE,DIPLOMA,13,RAMNIWAS MOHILI VILAGE SAKINAKA,400072,1990,Payment / Doc received,https://raw.githubusercontent.com/mickeykedia/Mumbai-Data/master/nursing_home_licenses_mcgm.csv
Maharashtra,Mumbai Suburban / Mumbai City,Kurla,DR. KUSUM YESHWANT MORE,Not Listed,"MBBS,  D.G.O.",15,. NEHRU NAGAR KURLA [E],400024,2010,Approved By AHO/Commitee,https://raw.githubusercontent.com/mickeykedia/Mumbai-Data/master/nursing_home_licenses_mcgm.csv
Maharashtra,Mumbai Suburban / Mumbai City,Kurla,DR. HAFIZUDDIN R. SHAIKH,DR. TABASSUM H. SHAIKH,BHMS-MD,15,D&amp;amp;#39;SOUZA KHERANI ROAD SAKINAKA,400072,2009,Scheduled fees received,https://raw.githubusercontent.com/mickeykedia/Mumbai-Data/master/nursing_home_licenses_mcgm.csv
Maharashtra,Mumbai Suburban / Mumbai City,Kurla,MR. RAMESH DAMJI CHHEDA,DR. NUTAN RAMESH CHHEDA,NURSHING HOME ASSISTANT,10,RAJDEEP APARTMENTS L B S MARG. KURLA(W),400070,1996,Approved By AHO/Commitee,https://raw.githubusercontent.com/mickeykedia/Mumbai-Data/master/nursing_home_licenses_mcgm.csv
Maharashtra,Mumbai Suburban / Mumbai City,Kurla,DR. YOGINI SANDIP FIRAKE,DR. YOGINI SANDIP FIRAKE,"MD,DNB,DGO,FCPS,DFP,PGDMLS",28,C 101 104 DHANLAXMI APT. MOHILI VILLAGE,400072,2012,Scheduled fees received,https://raw.githubusercontent.com/mickeykedia/Mumbai-Data/master/nursing_home_licenses_mcgm.csv
Maharashtra,Mumbai Suburban / Mumbai City,Kurla,DR. RUPESH RAMCHANDRA MENDADKAR,MR. SUCHITRA . SALVI,GNM,23,C-101 ANGOLIMALA CO OP HOUSING SOC NEXT TO HOTEL SAWALI,400024,2015,Scheduled fees received,https://raw.githubusercontent.com/mickeykedia/Mumbai-Data/master/nursing_home_licenses_mcgm.csv
Maharashtra,Mumbai Suburban / Mumbai City,Kandivali,DR. PRADEEP R PANDEY,DR. PRADEEP R PANDEY,BAMS,15,001 &amp;amp; 002 KANCHANGANGA BLG. KANDIVALI,400067,1984,Approved By AHO/Commitee,https://raw.githubusercontent.com/mickeykedia/Mumbai-Data/master/nursing_home_licenses_mcgm.csv
Maharashtra,Mumbai Suburban / Mumbai City,Kandivali,DR. JAYANT MAGANLAL SHAH,DR. JAYANT M. SHAH,M.B.B.S. D.G.O,10,SILVER APPT. AKURL X ROAD NO.1 KANDIVALI,400101,1986,Payment / Doc received,https://raw.githubusercontent.com/mickeykedia/Mumbai-Data/master/nursing_home_licenses_mcgm.csv
Maharashtra,Mumbai Suburban / Mumbai City,Kandivali,DR. NISHITH RAMCHANDRA DHAWAN,DR. NISHIRH RAMCHANDRA DHAWAN,M.D,8,TIRUPATI TOWER THAKUR COMPLEX KANDIVALI,400101,2003,Payment / Doc received,https://raw.githubusercontent.com/mickeykedia/Mumbai-Data/master/nursing_home_licenses_mcgm.csv
Maharashtra,Mumbai Suburban / Mumbai City,Kandivali,DR. NARENDRA K. DESAI,DR. PRITI NARENDRA DESAI,M.D. GEN.MEDICINE,15,". KANDIVALI SHIV  KRIPA, S.V.P.LANE KANDIVALI",400067,2006,Payment / Doc received,https://raw.githubusercontent.com/mickeykedia/Mumbai-Data/master/nursing_home_licenses_mcgm.csv
Maharashtra,Mumbai Suburban / Mumbai City,Kandivali,DR. SATISH CHANDRA GUPTA,DR. VANDANA SATISH GUPTA,M.B..B.S.,6,DWARKESH DARSHAN KHAJURIA TANK ROAD KANDIVALI,400067,2003,Approved By AHO/Commitee,https://raw.githubusercontent.com/mickeykedia/Mumbai-Data/master/nursing_home_licenses_mcgm.csv
Maharashtra,Mumbai Suburban / Mumbai City,Kandivali,DR. DILIP J RAICHURA,DR. DILIP J RAICHURA,"MBBS,MS",10,NISHITA CHS LTD M G ROAD KANDIVALI - WEST,400067,2008,Approved By AHO/Commitee,https://raw.githubusercontent.com/mickeykedia/Mumbai-Data/master/nursing_home_licenses_mcgm.csv
Maharashtra,Mumbai Suburban / Mumbai City,Kandivali,DR. PRASHANT ANANT JUVEKAR,DR. PRASHANT ANANT JUVEKAR,M.D.(PEAD)D.C.H.(MUMBAI),10,KESAR PLAZA SECTOR 3 CHAROP,400067,2003,Approved By AHO/Commitee,https://raw.githubusercontent.com/mickeykedia/Mumbai-Data/master/nursing_home_licenses_mcgm.csv
Maharashtra,Mumbai Suburban / Mumbai City,Kandivali,MR. SATISHBHAI J DATTANI,DR. V. G. WAGHLE,M.S. (NERO),18,SHREE KANDIVALI HIT VARDHAK MANDAL S.V.ROAD/ S.M.ROAD,400067,1984,Approved By AHO/Commitee,https://raw.githubusercontent.com/mickeykedia/Mumbai-Data/master/nursing_home_licenses_mcgm.csv
Maharashtra,Mumbai Suburban / Mumbai City,Kandivali,DR. NIKITA K. KOTHARI,DR. SAPANA N. JAIN,"MBBS,MD",12,A-B VANSH HOSPITAL ASHA NAGAR KANDIVALI,400101,2007,Approved By AHO/Commitee,https://raw.githubusercontent.com/mickeykedia/Mumbai-Data/master/nursing_home_licenses_mcgm.csv
Maharashtra,Mumbai Suburban / Mumbai City,Kandivali,DR. VIDYA RAJARAM PATIL,DR. VIDYA RAJARAM PATIL,"MBBS,DNB,MD,DFP",12,"OM SHIVECCHA CHS LTD LINK ROAD,M.G.ROAD` KANDIVALI",400067,2006,Payment / Doc received,https://raw.githubusercontent.com/mickeykedia/Mumbai-Data/master/nursing_home_licenses_mcgm.csv
Maharashtra,Mumbai Suburban / Mumbai City,Kandivali,DR. VARSHA J VORA,DR. VARSHA J VORA,M.D.DA,16,KOKIL KUNJ M G ROAD NO 4 BEHIND PATEL NAGAR,400067,1996,Approved By AHO/Commitee,https://raw.githubusercontent.com/mickeykedia/Mumbai-Data/master/nursing_home_licenses_mcgm.csv
Maharashtra,Mumbai Suburban / Mumbai City,Kandivali,DR. SHARAD PRALHAD JOSHI,DR. SHARAD P JOSHI,BAMS,4,DR JOSHI HOSPITAL AKURLI ROAD KANDIVALI(EAST),400101,1992,Payment / Doc received,https://raw.githubusercontent.com/mickeykedia/Mumbai-Data/master/nursing_home_licenses_mcgm.csv
Maharashtra,Mumbai Suburban / Mumbai City,Kandivali,DR. SHIVRAJ CHHOTULAL PATARIA,DR. SHIVRAJ CHHOTULAL PATARIA,M D,75,SHRENIK C H S LTD SECTOR NO 2 KANDIVALI(WEST),400067,1995,Approved By AHO/Commitee,https://raw.githubusercontent.com/mickeykedia/Mumbai-Data/master/nursing_home_licenses_mcgm.csv
Maharashtra,Mumbai Suburban / Mumbai City,Kandivali,DR. RAJESH PRAHLAD SAHANI,MRS. SAYEEDA . SHEKH,N.H,8,POOJA ENCLAVE OLD LINK ROAD KANDIVALI(WEST),400067,2008,Scheduled fees received,https://raw.githubusercontent.com/mickeykedia/Mumbai-Data/master/nursing_home_licenses_mcgm.csv
Maharashtra,Mumbai Suburban / Mumbai City,Kandivali,DR. GOVIND VISHNU MASURKAR,DR. NILEEMA GOVIND MASURKAR,M.D.D.GO,5,GOKUL GALAXY THAKUR COMPLEX KANDIVALI,400101,1995,Approved By AHO/Commitee,https://raw.githubusercontent.com/mickeykedia/Mumbai-Data/master/nursing_home_licenses_mcgm.csv
Maharashtra,Mumbai Suburban / Mumbai City,Kandivali,DR. RAJUL VISHNUDAS MESVANI,Not Listed,M.B.B.S,17,ASSUNPITION VIEW DAHANUKAR WADI KANDIVALI,400067,2009,Scheduled fees received,https://raw.githubusercontent.com/mickeykedia/Mumbai-Data/master/nursing_home_licenses_mcgm.csv
Maharashtra,Mumbai Suburban / Mumbai City,Kandivali,DR. SHIVRAJ C PATARIA,MR. S C PATARIA,N H,4,NAVNATH SOCIETY M G X ROAD-4 KANDIVALI(WEST,400067,2004,Scheduled fees received,https://raw.githubusercontent.com/mickeykedia/Mumbai-Data/master/nursing_home_licenses_mcgm.csv
Maharashtra,Mumbai Suburban / Mumbai City,Kandivali,DR. GOVIN VISHNU MASURKAR,DR. GOVIND VISHNU MASURKAR,M.S,15,SUKHSAGAR BLDG 1ST AKURLI CROSSROAD1 KANDIVALI(EAST),400101,1998,Approved By AHO/Commitee,https://raw.githubusercontent.com/mickeykedia/Mumbai-Data/master/nursing_home_licenses_mcgm.csv
Maharashtra,Mumbai Suburban / Mumbai City,Kandivali,DR. ANIRUDDHA VIJAYKUMAR PALANDE,DR. ANIRUDDHA VIJAYKUMAR PALANDE,MD DNB FCPS DGO DFP PGDHA,20,ALAP HOSPITAL POISAR VILLAGE KANDIVALI,400101,2010,Scheduled fees received,https://raw.githubusercontent.com/mickeykedia/Mumbai-Data/master/nursing_home_licenses_mcgm.csv
Maharashtra,Mumbai Suburban / Mumbai City,Kandivali,DR. SANJAY KUMAR .,DR. VAISHALI  KILLEKAR,M.B.B.S. DGO DNB,2,F EMRALD SOC THAKUR COMPLEX KANDIVALI,400101,2011,Scheduled fees received,https://raw.githubusercontent.com/mickeykedia/Mumbai-Data/master/nursing_home_licenses_mcgm.csv
Maharashtra,Mumbai Suburban / Mumbai City,Kandivali,MR. ABDUL RAZAK IBRAHIM MERCHANT,DR. SHIRIN ABUSAB KAPDI,M.B.B.S.,15,POOJA ENCLAVE GANESH NAGAR KANDIVALI,400067,2011,Scheduled fees received,https://raw.githubusercontent.com/mickeykedia/Mumbai-Data/master/nursing_home_licenses_mcgm.csv
Maharashtra,Mumbai Suburban / Mumbai City,Kandivali,DR. MANGESH ANAJI BUDHKAR,DR. MANGESH ANAJI BUDHKAR,MBBS,324,BDBA HOSPITAL S.V.ROAD KANDIVALI,400067,2014,Scheduled fees received,https://raw.githubusercontent.com/mickeykedia/Mumbai-Data/master/nursing_home_licenses_mcgm.csv
Maharashtra,Mumbai Suburban / Mumbai City,Kandivali,DR. NITIN . PAWAR,DR. NITIN  PAWAR,BAMS,100,HOUSE BEHINE DIMPLE ACARKDE BHIND SAID DHAM KANDIVALI,400101,2015,Scheduled fees received,https://raw.githubusercontent.com/mickeykedia/Mumbai-Data/master/nursing_home_licenses_mcgm.csv
Maharashtra,Mumbai Suburban / Mumbai City,Kandivali,DR. VAISHALI NITIN SHAH,DR. NITIN  SHAH,MS,25,ARCH GOLD APARTMENT S. V. ROAD KANDIVALI WEST,400067,2016,Scheduled fees received,https://raw.githubusercontent.com/mickeykedia/Mumbai-Data/master/nursing_home_licenses_mcgm.csv
Maharashtra,Mumbai Suburban / Mumbai City,Mulund,DR. P. R. KINI,DR. ANIL B. MALI,M.S.ORTH,6,PURNIMA  BLDG M.G.ROAD MULUND (W),400080,1999,Approved By AHO/Commitee,https://raw.githubusercontent.com/mickeykedia/Mumbai-Data/master/nursing_home_licenses_mcgm.csv
Maharashtra,Mumbai Suburban / Mumbai City,Mulund,DR. PANKAJ J. JOSHI,DR. JAYSHREE . SOMAN,ANM,8,APURVA APTS GOVARDHAN NAGAR MULUND(W),400080,2006,Payment / Doc received,https://raw.githubusercontent.com/mickeykedia/Mumbai-Data/master/nursing_home_licenses_mcgm.csv
Maharashtra,Mumbai Suburban / Mumbai City,Mulund,DR. HARESH H. MANGLANI,DR. H. H. MANGLANI,"M.S(ORTH),DNB(ORTH)",15,MANISHA HEIGHTS BALRAJESHWAR ROAD MULUND (W),400080,2007,Payment / Doc received,https://raw.githubusercontent.com/mickeykedia/Mumbai-Data/master/nursing_home_licenses_mcgm.csv
Maharashtra,Mumbai Suburban / Mumbai City,Mulund,DR. BIPINKUMAR V. DAXINI,DR. BIPINKUMAR V. DAXINI,MD.DM,11,LAV KUSH CO-OP.HSG. SOCIETY MULUND (W),400080,2000,Approved By AHO/Commitee,https://raw.githubusercontent.com/mickeykedia/Mumbai-Data/master/nursing_home_licenses_mcgm.csv
Maharashtra,Mumbai Suburban / Mumbai City,Mulund,DR. THOMAS  KOSHY,DR. ANNIE  THOMAS,BDS MDS,15,HERITAGE HOLY J N ROAD MULUND (W),400080,2004,Payment / Doc received,https://raw.githubusercontent.com/mickeykedia/Mumbai-Data/master/nursing_home_licenses_mcgm.csv
Maharashtra,Mumbai Suburban / Mumbai City,Mulund,DR. SANGEETA S SHETTY,MRS. LUSSY  VARGHESE,DIP NURSING,15,B/WING VASANT OSCAR HALLMARK MULUND(W),400080,2004,Approved By AHO/Commitee,https://raw.githubusercontent.com/mickeykedia/Mumbai-Data/master/nursing_home_licenses_mcgm.csv
Maharashtra,Mumbai Suburban / Mumbai City,Mulund,DR. NEERAJ RAKESH KHANNA,DR. NIRAJ - KHANNA,M B B S,12,2ST FLOOR JAMUNA SADAN M G ROAD,400080,2006,Approved By AHO/Commitee,https://raw.githubusercontent.com/mickeykedia/Mumbai-Data/master/nursing_home_licenses_mcgm.csv
Maharashtra,Mumbai Suburban / Mumbai City,Mulund,DR. SANJAY RAVINRA SHAH,DR. NEETA K SHINDE,DIPLOMA,1,VIKAS APTS N.S.RD MULUND(W),400080,2003,Approved By AHO/Commitee,https://raw.githubusercontent.com/mickeykedia/Mumbai-Data/master/nursing_home_licenses_mcgm.csv
Maharashtra,Mumbai Suburban / Mumbai City,Mulund,DR. RAJEN H DOSHI,DR. SAPANA . DOSHI,M.D.(BOM),5,MUNSHI ESTATE S.L.RD MULUND(W),400080,1997,Approved By AHO/Commitee,https://raw.githubusercontent.com/mickeykedia/Mumbai-Data/master/nursing_home_licenses_mcgm.csv
Maharashtra,Mumbai Suburban / Mumbai City,Mulund,DR. SIMANDHAR BABAN SABLE,MS. SUJATA K TAPASE,ANM,2,HERITAGE HOLY J.N.RD MULUND (W),400080,2005,Approved By AHO/Commitee,https://raw.githubusercontent.com/mickeykedia/Mumbai-Data/master/nursing_home_licenses_mcgm.csv
Maharashtra,Mumbai Suburban / Mumbai City,Mulund,DR. THOMAS . KOSHY,DR. THOMAS KOSHY,"MBBS,MD",15,HOLT TRINITY HOSPITA J N ROAD MULUND WEST,400080,2004,Approved By AHO/Commitee,https://raw.githubusercontent.com/mickeykedia/Mumbai-Data/master/nursing_home_licenses_mcgm.csv
Maharashtra,Mumbai Suburban / Mumbai City,Mulund,MR. SHANTILAL RAMBHIA (TRUSTEE),SMT. D A A,N.M,29,SURVEY NO.204. H.NO. 1 AND  2 MULUND W,400080,1985,Approved By AHO/Commitee,https://raw.githubusercontent.com/mickeykedia/Mumbai-Data/master/nursing_home_licenses_mcgm.csv
Maharashtra,Mumbai Suburban / Mumbai City,Colaba,DR. NARAYAN K MALPANI,DR. ANIRUDDHA NARAYAN MALPANI,"M.B.B.S,M.D",6,JAMUNA SAGAR 5TH FL S.B.S ROAD COLABA,400005,1982,Payment / Doc received,https://raw.githubusercontent.com/mickeykedia/Mumbai-Data/master/nursing_home_licenses_mcgm.csv
Maharashtra,Mumbai Suburban / Mumbai City,Colaba,DR. D P VYAS,DR. D P VYAS,"MBBS,MD",734,"BOMBAY HOSPITAL 12,MARINE LINES .",400020,1975,Approved By AHO/Commitee,https://raw.githubusercontent.com/mickeykedia/Mumbai-Data/master/nursing_home_licenses_mcgm.csv
Maharashtra,Mumbai Suburban / Mumbai City,Colaba,DR. MANMAL MANIKCHAND BEGANI,DR. M.M. BEGANI,MS,12,LADY RATAN TATA MEDICAL CENTRE -MAHARSHI KARVE ROAD,400021,2001,Payment / Doc received,https://raw.githubusercontent.com/mickeykedia/Mumbai-Data/master/nursing_home_licenses_mcgm.csv
Maharashtra,Mumbai Suburban / Mumbai City,Colaba,MR. NARESH G BATHIJA,MS. MERLYN SANTAN PEREIRA,GEN. NUSING&amp;MID WIF,3,MISTRY CHEMBAR STRAND CINEMA COLABA,400004,2011,Approved By AHO/Commitee,https://raw.githubusercontent.com/mickeykedia/Mumbai-Data/master/nursing_home_licenses_mcgm.csv
Maharashtra,Mumbai Suburban / Mumbai City,Byculla,DR. MEHDI HASSAN KAZEROUNI,DR. M. H. KAZEROUNI,M.S,18,. CENTRAL HOSPITAL &amp;amp;amp; NURSING HOME RMO QUARTERS,400008,1974,Approved By AHO/Commitee,https://raw.githubusercontent.com/mickeykedia/Mumbai-Data/master/nursing_home_licenses_mcgm.csv
Maharashtra,Mumbai Suburban / Mumbai City,Byculla,DR. RAJENDRA PRASAD  VERMA,DR. RAJENDRA PRASAD  VERMA,M.S.,7,BOMBAY MAT &amp;amp; KAMATHIPURA NAGPADA,400008,1988,Approved By AHO/Commitee,https://raw.githubusercontent.com/mickeykedia/Mumbai-Data/master/nursing_home_licenses_mcgm.csv
Maharashtra,Mumbai Suburban / Mumbai City,Byculla,DR. GUNVANTI S SHAH,DR. S L SHAH,M.B.B.S,9,. ADINATH CHS MAZGAON,400010,1977,Approved By AHO/Commitee,https://raw.githubusercontent.com/mickeykedia/Mumbai-Data/master/nursing_home_licenses_mcgm.csv
Maharashtra,Mumbai Suburban / Mumbai City,Byculla,DR. SUBHASH R JAIN,DR. SUBHASH JAIN,GCEH,8,162 BARTAWALA BLDG OPP DENA BANK,400009,1998,Approved By AHO/Commitee,https://raw.githubusercontent.com/mickeykedia/Mumbai-Data/master/nursing_home_licenses_mcgm.csv
Maharashtra,Mumbai Suburban / Mumbai City,Byculla,DR. MAHENDRA MARAMANJI JADEJA,DR. RAMESH R DEDHIA,M.B.B.S.,4,JER BAI BAUG GLORIA CHURCH BYCULLA,400027,1994,Approved By AHO/Commitee,https://raw.githubusercontent.com/mickeykedia/Mumbai-Data/master/nursing_home_licenses_mcgm.csv
Maharashtra,Mumbai Suburban / Mumbai City,Byculla,DR. ATUL  ADANIYA,DR. NARENDRA R MALAVIYA,MBBS,201,MAZGAON AGA HALL NESBIT RD,400010,1974,Approved By AHO/Commitee,https://raw.githubusercontent.com/mickeykedia/Mumbai-Data/master/nursing_home_licenses_mcgm.csv
Maharashtra,Mumbai Suburban / Mumbai City,Byculla,DR. IRFAN KHATIB,DR. IRFAN Z KHATIB,MS,4,HONDA MANSION SIR J J ROAD BYCULLA,400008,2002,Payment / Doc received,https://raw.githubusercontent.com/mickeykedia/Mumbai-Data/master/nursing_home_licenses_mcgm.csv
Maharashtra,Mumbai Suburban / Mumbai City,Grant Road,DR. SUNIL NAVIN VASANI,DR. SUNIL N VASANI,MBBS DNB DO DOMS FCPS,3,JER MANSION AUGUST KRANTI MARG .,400036,2007,Approved By AHO/Commitee,https://raw.githubusercontent.com/mickeykedia/Mumbai-Data/master/nursing_home_licenses_mcgm.csv
Maharashtra,Mumbai Suburban / Mumbai City,Grant Road,DR. BHANU R SHAH,DR. BHANU RATILAL SHAH,F.R.C.S.(ENG),3,CORNELIAN 104 AUGUST KRANTI MARG KEMPS CORNER,400036,2007,Approved By AHO/Commitee,https://raw.githubusercontent.com/mickeykedia/Mumbai-Data/master/nursing_home_licenses_mcgm.csv
Maharashtra,Mumbai Suburban / Mumbai City,Grant Road,DR. SITA PRAVIN TILWANI,DR. KAVITA PRAVIN TILWANI,MBBS DGO DNB,8,KANTA BLDG MAULANA SHAUKAT ALI RD 1ST FLR,400007,2007,Approved By AHO/Commitee,https://raw.githubusercontent.com/mickeykedia/Mumbai-Data/master/nursing_home_licenses_mcgm.csv
Maharashtra,Mumbai Suburban / Mumbai City,Grant Road,DR. G V KOPPIKAR (M D),DR. GEETA V KOPPIKAR,"MBBS,MD,DPB",164,BREACH CANDY BHULABHAI DESAI RD .,400026,2007,Payment / Doc received,https://raw.githubusercontent.com/mickeykedia/Mumbai-Data/master/nursing_home_licenses_mcgm.csv
Maharashtra,Mumbai Suburban / Mumbai City,Grant Road,DR. VATSAL S PARIKH &AMP;AMP;AMP;AMP;AMP;AMP DR CHETNA V PARIKH,DR. VATSAL PARIKH,MS DOMS FCPS,14,"RADHE VALLABH CHS 2ND FLR FRENCH BRIDGE CORNER OPERA HOUSE,CHARNI RD",400004,2007,Approved By AHO/Commitee,https://raw.githubusercontent.com/mickeykedia/Mumbai-Data/master/nursing_home_licenses_mcgm.csv
Maharashtra,Mumbai Suburban / Mumbai City,Grant Road,DR. ARJUN S AHUJA,DR. ARJUN S AHUJA,"MS, DOMS",2,NAVJIVAN SOCIETY LAMINGTON RD MUMBAI CENTRAL,400008,2007,Approved By AHO/Commitee,https://raw.githubusercontent.com/mickeykedia/Mumbai-Data/master/nursing_home_licenses_mcgm.csv
Maharashtra,Mumbai Suburban / Mumbai City,Grant Road,DR. J P PANDEY,DR. J P PANDEY - M.D.,MBBS BS MS DHA,37,MATRU CHAYYA GR FLR &amp;amp;amp;amp;amp;amp; 1ST FLR BABULNATH,400007,2007,Scheduled fees received,https://raw.githubusercontent.com/mickeykedia/Mumbai-Data/master/nursing_home_licenses_mcgm.csv
Maharashtra,Mumbai Suburban / Mumbai City,Grant Road,DR. MRS NEENA AJIT PAI,DR. AJIT SITARAM PAI,MD DGO DFP FCPS,15,KVD FND BLDG TATYA GHARPURE PATH GIRGAUM,400004,2007,Approved By AHO/Commitee,https://raw.githubusercontent.com/mickeykedia/Mumbai-Data/master/nursing_home_licenses_mcgm.csv
Maharashtra,Mumbai Suburban / Mumbai City,Grant Road,DR. MOHAN DIPCHAND VORA,DR. MOHAN DIPCHAND VORA,MBBS MD FCDS DCO,5,PARESH BHULABHAI DESAI RD HAJI ALI,400026,2004,Scheduled fees received,https://raw.githubusercontent.com/mickeykedia/Mumbai-Data/master/nursing_home_licenses_mcgm.csv
Maharashtra,Mumbai Suburban / Mumbai City,Grant Road,DR. SUVARNA MOHAN VORA,DR. SUVARNA MOHAN VORA,MBBS DGO,5,4A PARESH 1ST AND 3RD FLOOR HAJI ALI,400026,2004,Scheduled fees received,https://raw.githubusercontent.com/mickeykedia/Mumbai-Data/master/nursing_home_licenses_mcgm.csv
Maharashtra,Mumbai Suburban / Mumbai City,Grant Road,DR. DURU SUSHIL SHAH,DR. DURU SUSHIL SHAH,MD FRC 06,5,KWALITY HOUSE KEMPS CORNER .,400026,2006,Scheduled fees received,https://raw.githubusercontent.com/mickeykedia/Mumbai-Data/master/nursing_home_licenses_mcgm.csv
